A,t_A
0.0170893735869132,0.5330333
0.0170893735869132,1.19970000000001
0.0168936788706705,1.89969989999997
0.0170893735869132,2.56636659999998
0.0168936788706705,3.23303320000002
0.0170893735869132,3.93303329999998
0.0168936788706705,4.59969999999998
0.0168936788706705,5.29969990000001
0.0168936788706705,5.96636660000001
0.0166979841544278,6.6663666
0.0168936788706705,7.33303330000001
0.0166979841544278,7.9996999
0.0166979841544278,8.69969989999998
0.0166979841544278,9.36636659999999
0.0165022894381852,10.0663666
0.0166979841544278,10.7330333
0.0166979841544278,11.3997
0.0166979841544278,12.0996999
0.0166979841544278,12.7663666
0.0165022894381852,13.4663666
0.0166979841544278,14.1330333
0.0165022894381852,14.7997
0.0165022894381852,15.4996999
0.0165022894381852,16.1663666
0.0163065947219425,16.8663666
0.0165022894381852,17.5330333
0.0163065947219425,18.1997
0.0163065947219425,18.8996999
0.0163065947219425,19.5663666
0.0163065947219425,20.2663666
0.0163065947219425,20.9330333
0.0161109000056999,21.6330332
0.0163065947219425,22.2996999
0.0161109000056999,22.9663666
0.0161109000056999,23.6663666
0.0161109000056999,24.3330333
0.0159152052894572,25.0330333
0.0161109000056999,25.6996999
0.0159152052894572,26.3663666
0.0159152052894572,27.0663666
0.0159152052894572,27.7330333
0.0159152052894572,28.4330332
0.0159152052894572,29.0996999
0.0157195105732145,29.7997
0.0159152052894572,30.4663666
0.0159152052894572,31.1330333
0.0157195105732145,31.8330332
0.0157195105732145,32.4996999
0.0157195105732145,33.1997
0.0157195105732145,33.8663333
0.0155238158569719,34.533
0.0157195105732145,35.2329999
0.0157195105732145,35.8996666
0.0155238158569719,36.5996666
0.0155238158569719,37.2663333
0.0155238158569719,37.933
0.0155238158569719,38.6329999
0.0155238158569719,39.2996666
0.0153281211407292,39.9996666
0.0155238158569719,40.6663333
0.0153281211407292,41.3663332
0.0153281211407292,42.0329999
0.0153281211407292,42.6996666
0.0153281211407292,43.3996666
0.0153281211407292,44.0663333
0.0151324264244865,44.7663332
0.0153281211407292,45.4329999
0.0151324264244865,46.0996666
0.0151324264244865,46.7996666
0.0151324264244865,47.4663333
0.0151324264244865,48.1663332
0.0151324264244865,48.8329999
0.0151324264244865,49.4996666
0.0151324264244865,50.1996666
0.0151324264244865,50.8663333
0.0149367317082439,51.5663332
0.0151324264244865,52.2329999
0.0149367317082439,52.8996666
0.0149367317082439,53.5996666
0.0149367317082439,54.2663333
0.0149367317082439,54.9663332
0.0149367317082439,55.6329999
0.0147410369920012,56.333
0.0149367317082439,56.9996666
0.0147410369920012,57.6663333
0.0147410369920012,58.3663332
0.0147410369920012,59.0329999
0.0147410369920012,59.733
0.0147410369920012,60.3996666
0.0145453422757586,61.0996666
0.0147410369920012,61.7663332
0.0145453422757586,62.4329999
0.0145453422757586,63.133
0.0145453422757586,63.7996666
0.0143496475595159,64.4996666
0.0145453422757586,65.1663332
0.0145453422757586,65.8329999
0.0143496475595159,66.533
0.0145453422757586,67.1996333000001
0.0143496475595159,67.8996332
0.0143496475595159,68.5662999
0.0143496475595159,69.2329666
0.0143496475595159,69.9329666
0.0143496475595159,70.5996333
0.0141539528432733,71.2996332
0.0143496475595159,71.9662999
0.0141539528432733,72.6663
0.0143496475595159,73.3329666
0.0141539528432733,73.9996333
0.0141539528432733,74.6996332
0.0141539528432733,75.3662999
0.0141539528432733,76.0329666
0.0141539528432733,76.7329666
0.0141539528432733,77.3996333
0.0139582581270306,78.0996332
0.0141539528432733,78.7662999
0.0139582581270306,79.4663
0.0139582581270306,80.1329666
0.0139582581270306,80.7996333
0.0139582581270306,81.4996332
0.0139582581270306,82.1662999
0.0137625634107879,82.8663
0.0139582581270306,83.5329666
0.0137625634107879,84.2329666
0.0137625634107879,84.8996332
0.0137625634107879,85.5662999
0.0137625634107879,86.2663
0.0137625634107879,86.9329666
0.0135668686945453,87.6329666
0.0137625634107879,88.2996332
0.0137625634107879,88.9662999
0.0135668686945453,89.6663
0.0135668686945453,90.3329666
0.0135668686945453,90.9996333
0.0135668686945453,91.6996332
0.0135668686945453,92.3662999
0.0135668686945453,93.0663
0.0135668686945453,93.7329666
0.0133711739783026,94.4329666
0.0135668686945453,95.0996332
0.0133711739783026,95.7662999
0.0133711739783026,96.4663
0.0133711739783026,97.1329666
0.0133711739783026,97.8329666
0.0133711739783026,98.4996332
0.0131754792620599,99.1996333000001
0.0133711739783026,99.8663
0.0133711739783026,100.5329333
0.0131754792620599,101.2329332
0.0133711739783026,101.8995999
0.0131754792620599,102.5996
0.0131754792620599,103.2662666
0.0131754792620599,103.9329333
0.0131754792620599,104.6329332
0.0131754792620599,105.2995999
0.0131754792620599,105.9995999
0.0131754792620599,106.6662666
0.0129797845458173,107.3329333
0.0131754792620599,108.0329333
0.0129797845458173,108.6995999
0.0129797845458173,109.3996
0.0129797845458173,110.0662666
0.0129797845458173,110.7329333
0.0129797845458173,111.4329332
0.0129797845458173,112.0995999
0.0127840898295746,112.7996
0.0129797845458173,113.4662666
0.0127840898295746,114.1662666
0.0127840898295746,114.8329332
0.0127840898295746,115.4995999
0.0127840898295746,116.1996
0.0127840898295746,116.8662666
0.0127840898295746,117.5662666
0.0127840898295746,118.2329332
0.0127840898295746,118.8995999
0.0127840898295746,119.5996
0.0127840898295746,120.2662666
0.012588395113332,120.9662666
0.0127840898295746,121.6329332
0.012588395113332,122.2995999
0.012588395113332,122.9995999
0.012588395113332,123.6662666
0.012588395113332,124.3662666
0.012588395113332,125.0329333
0.0123927003970893,125.7329333
0.012588395113332,126.3996
0.0123927003970893,127.0662666
0.0123927003970893,127.7662666
0.0123927003970893,128.4329332
0.0123927003970893,129.1329333
0.0123927003970893,129.7996
0.0123927003970893,130.4662666
0.0123927003970893,131.1662666
0.0123927003970893,131.8329332
0.0123927003970893,132.5329333
0.0123927003970893,133.1996
0.0121970056808466,133.8662333
0.0121970056808466,134.5662332
0.0121970056808466,135.2328999
0.0121970056808466,135.9329
0.0121970056808466,136.5995666
0.012001310964604,137.2995666
0.0121970056808466,137.9662332
0.0121970056808466,138.6328999
0.012001310964604,139.3329
0.0121970056808466,139.9995666
0.012001310964604,140.6995666
0.012001310964604,141.3662332
0.012001310964604,142.0328999
0.012001310964604,142.7329
0.012001310964604,143.3995666
0.012001310964604,144.0995666
0.012001310964604,144.7662332
0.0118056162483613,145.4662333
0.012001310964604,146.1329
0.012001310964604,146.7995666
0.0118056162483613,147.4995666
0.012001310964604,148.1662332
0.0118056162483613,148.8662333
0.0118056162483613,149.5329
0.0118056162483613,150.1995666
0.0118056162483613,150.8995666
0.0118056162483613,151.5662332
0.0116099215321186,152.2662333
0.0118056162483613,152.9329
0.0116099215321186,153.6328999
0.0116099215321186,154.2995666
0.0116099215321186,154.9662332
0.0116099215321186,155.6662333
0.0116099215321186,156.3329
0.0116099215321186,156.9995666
0.0116099215321186,157.6995666
0.0116099215321186,158.3662332
0.0116099215321186,159.0662333
0.0116099215321186,159.7329
0.011414226815876,160.4328999
0.0116099215321186,161.0995666
0.0116099215321186,161.7662332
0.011414226815876,162.4662333
0.011414226815876,163.1329
0.0112185320996333,163.8328999
0.011414226815876,164.4995666
0.011414226815876,165.1662332
0.011414226815876,165.8662333
0.011414226815876,166.5329
0.0112185320996333,167.2328666
0.011414226815876,167.8995332
0.0112185320996333,168.5995333
0.0112185320996333,169.2662
0.0112185320996333,169.9328666
0.0112185320996333,170.6328666
0.0112185320996333,171.2995332
0.0112185320996333,171.9661999
0.0112185320996333,172.6662
0.0112185320996333,173.3328666
0.0110228373833907,174.0328666
0.0112185320996333,174.6995332
0.0110228373833907,175.3995333
0.0112185320996333,176.0662
0.0110228373833907,176.7328666
0.0110228373833907,177.4328666
0.0110228373833907,178.0995332
0.0110228373833907,178.7995333
0.0110228373833907,179.4662
0.0110228373833907,180.1328666
0.0110228373833907,180.8328666
0.0110228373833907,181.4995332
0.010827142667148,182.1995333
0.0110228373833907,182.8662
0.010827142667148,183.5661999
0.010827142667148,184.2328666
0.010827142667148,184.8995332
0.010827142667148,185.5995333
0.010827142667148,186.2662
0.010827142667148,186.9328666
0.010827142667148,187.6328666
0.010827142667148,188.2995332
0.010827142667148,188.9995333
0.010827142667148,189.6662
0.0106314479509053,190.3661999
0.010827142667148,191.0328666
0.0106314479509053,191.7328666
0.0106314479509053,192.3995333
0.0106314479509053,193.0662
0.0106314479509053,193.7661999
0.0106314479509053,194.4328666
0.0106314479509053,195.0995332
0.0106314479509053,195.7995333
0.0106314479509053,196.4662
0.0106314479509053,197.1661999
0.0106314479509053,197.8328666
0.0104357532346627,198.5328666
0.0106314479509053,199.1995333
0.0104357532346627,199.8662
0.0104357532346627,200.5661666
0.0104357532346627,201.2328332
0.0104357532346627,201.9328333
0.0104357532346627,202.5995
0.0104357532346627,203.2661666
0.0104357532346627,203.9661666
0.0104357532346627,204.6328332
0.0104357532346627,205.3328333
0.0104357532346627,205.9994999
0.01024005851842,206.6994999
0.0104357532346627,207.3661666
0.0104357532346627,208.0328333
0.01024005851842,208.7328333
0.01024005851842,209.3995
0.01024005851842,210.0994999
0.01024005851842,210.7661666
0.01024005851842,211.4328332
0.01024005851842,212.1328333
0.01024005851842,212.7995
0.0100443638021773,213.4994999
0.01024005851842,214.1661666
0.0100443638021773,214.8661666
0.01024005851842,215.5328333
0.01024005851842,216.1995
0.0100443638021773,216.8994999
0.0100443638021773,217.5661666
0.0100443638021773,218.2661666
0.0100443638021773,218.9328333
0.0100443638021773,219.5995
0.0100443638021773,220.2994999
0.0100443638021773,220.9661666
0.00984866908593469,221.6661666
0.0100443638021773,222.3328333
0.0100443638021773,222.9994999
0.0100443638021773,223.6994999
0.0100443638021773,224.3661666
0.00984866908593469,225.0661666
0.0100443638021773,225.7328333
0.00984866908593469,226.3995
0.00984866908593469,227.0994999
0.00984866908593469,227.7661666
0.00984866908593469,228.4661666
0.00984866908593469,229.1328333
0.00984866908593469,229.7995
0.00984866908593469,230.4994999
0.00984866908593469,231.1661666
0.00965297436969203,231.8661666
0.00984866908593469,232.5328333
0.00965297436969203,233.2328332
0.00984866908593469,233.8994666
0.00965297436969203,234.5661332
0.00965297436969203,235.2661333
0.00965297436969203,235.9328
0.00965297436969203,236.6327999
0.00965297436969203,237.2994666
0.00965297436969203,237.9661332
0.00965297436969203,238.6661333
0.00965297436969203,239.3328
0.00945727965344938,240.0327999
0.00965297436969203,240.6994666
0.00945727965344938,241.3994666
0.00965297436969203,242.0661333
0.00965297436969203,242.7328
0.00945727965344938,243.4327999
0.00945727965344938,244.0994666
0.00945727965344938,244.7661332
0.00945727965344938,245.4661333
0.00945727965344938,246.1328
0.00945727965344938,246.8327999
0.00945727965344938,247.4994666
0.00926158493720672,248.1994666
0.00945727965344938,248.8661333
0.00926158493720672,249.5328
0.00945727965344938,250.2327999
0.00945727965344938,250.8994666
0.00926158493720672,251.5994666
0.00926158493720672,252.2661333
0.00926158493720672,252.9328
0.00926158493720672,253.6327999
0.00926158493720672,254.2994666
0.00926158493720672,254.9994666
0.00926158493720672,255.6661333
0.00926158493720672,256.3328
0.00926158493720672,257.0327999
0.00926158493720672,257.6994666
0.00926158493720672,258.3994666
0.00926158493720672,259.0661333
0.00906589022096404,259.7661332
0.00926158493720672,260.4327999
0.00926158493720672,261.0994666
0.00906589022096404,261.7994666
0.00906589022096404,262.4661333
0.00906589022096404,263.1661332
0.00906589022096404,263.8327999
0.00906589022096404,264.4994666
0.00906589022096404,265.1994666
0.00906589022096404,265.8661333
0.00906589022096404,266.5661332
0.00906589022096404,267.2327666
0.00887019550472138,267.9327666
0.00906589022096404,268.5994333
0.00906589022096404,269.2661
0.00887019550472138,269.9660999
0.00906589022096404,270.6327666
0.00887019550472138,271.3327666
0.00887019550472138,271.9994333
0.00887019550472138,272.6661
0.00887019550472138,273.3660999
0.00887019550472138,274.0327666
0.00887019550472138,274.7327666
0.00887019550472138,275.3994333
0.00887019550472138,276.0661
0.00887019550472138,276.7660999
0.00887019550472138,277.4327666
0.00867450078847872,278.1327666
0.00887019550472138,278.7994333
0.00887019550472138,279.4661
0.00887019550472138,280.1660999
0.00887019550472138,280.8327666
0.00867450078847872,281.5327666
0.00887019550472138,282.1994333
0.00867450078847872,282.8994332
0.00867450078847872,283.5660999
0.00867450078847872,284.2327666
0.00867450078847872,284.9327666
0.00867450078847872,285.5994333
0.00847880607223607,286.2994332
0.00867450078847872,286.9660999
0.00867450078847872,287.6327666
0.00867450078847872,288.3327666
0.00867450078847872,288.9994333
0.00847880607223607,289.6994332
0.00867450078847872,290.3660999
0.00847880607223607,291.0661
0.00847880607223607,291.7327666
0.00847880607223607,292.3994333
0.00847880607223607,293.0994332
0.00847880607223607,293.7660999
0.00847880607223607,294.4327666
0.00847880607223607,295.1327666
0.00847880607223607,295.7994333
0.00847880607223607,296.4994332
0.00847880607223607,297.1660999
0.00828311135599341,297.8661
0.00847880607223607,298.5327666
0.00847880607223607,299.1994333
0.00828311135599341,299.8994332
0.00847880607223607,300.5660666
0.00828311135599341,301.2660666
0.00847880607223607,301.9327333
0.00828311135599341,302.5994
0.00828311135599341,303.2993999
0.00828311135599341,303.9660666
0.00828311135599341,304.6660666
0.00828311135599341,305.3327333
0.00828311135599341,305.9993999
0.00828311135599341,306.6993999
0.00828311135599341,307.3660666
0.00808741663975076,308.0660666
0.00828311135599341,308.7327333
0.00828311135599341,309.3994
0.00828311135599341,310.0993999
0.00828311135599341,310.7660666
0.00808741663975076,311.4660666
0.00828311135599341,312.1327333
0.00808741663975076,312.8327332
0.00808741663975076,313.4993999
0.00808741663975076,314.1660666
0.00808741663975076,314.8660666
0.00808741663975076,315.5327333
0.00808741663975076,316.2327332
0.00808741663975076,316.8993999
0.00808741663975076,317.5660666
0.00808741663975076,318.2660666
0.00808741663975076,318.9327333
0.00789172192350807,319.6327332
0.00808741663975076,320.2993999
0.00789172192350807,320.9993999
0.00789172192350807,321.6660666
0.00808741663975076,322.3327333
0.00789172192350807,323.0327333
0.00808741663975076,323.6993999
0.00789172192350807,324.3994
0.00789172192350807,325.0660666
0.00789172192350807,325.7327333
0.00789172192350807,326.4327332
0.00789172192350807,327.0993999
0.00789172192350807,327.7994
0.00789172192350807,328.4660666
0.00789172192350807,329.1327333
0.00789172192350807,329.8327332
0.00789172192350807,330.4993999
0.00789172192350807,331.1994
0.00789172192350807,331.8660666
0.00769602720726542,332.5660666
0.00789172192350807,333.2327332
0.00789172192350807,333.8993666
0.00769602720726542,334.5993666
0.00769602720726542,335.2660333
0.00769602720726542,335.9660332
0.00769602720726542,336.6326999
0.00769602720726542,337.2993666
0.00769602720726542,337.9993666
0.00769602720726542,338.6660333
0.00769602720726542,339.3660332
0.00769602720726542,340.0326999
0.00769602720726542,340.6993666
0.00769602720726542,341.3993666
0.00769602720726542,342.0660333
0.00750033249102276,342.7660332
0.00769602720726542,343.4326999
0.00769602720726542,344.0993666
0.00769602720726542,344.7993666
0.00769602720726542,345.4660333
0.00750033249102276,346.1660332
0.00769602720726542,346.8326999
0.00750033249102276,347.5327
0.00750033249102276,348.1993666
0.00750033249102276,348.8660333
0.00750033249102276,349.5660332
0.00750033249102276,350.2326999
0.00750033249102276,350.9327
0.00750033249102276,351.5993666
0.00750033249102276,352.2660333
0.00750033249102276,352.9660332
0.00750033249102276,353.6326999
0.0073046377747801,354.3327
0.00750033249102276,354.9993666
0.00750033249102276,355.6660333
0.00750033249102276,356.3660332
0.00750033249102276,357.0326999
0.0073046377747801,357.7327
0.00750033249102276,358.3993666
0.0073046377747801,359.0993666
0.0073046377747801,359.7660332
0.00750033249102276,360.4326999
0.0073046377747801,361.1327
0.0073046377747801,361.7993666
0.0073046377747801,362.4993666
0.0073046377747801,363.1660332
0.0073046377747801,363.8326999
0.0073046377747801,364.5327
0.0073046377747801,365.1993666
0.0073046377747801,365.8993666
0.0073046377747801,366.5660332
0.0073046377747801,367.2326666
0.0073046377747801,367.9326666
0.0073046377747801,368.5993333
0.0073046377747801,369.2993332
0.0073046377747801,369.9659999
0.00710894305853742,370.666
0.0073046377747801,371.3326666
0.0073046377747801,371.9993333
0.00710894305853742,372.6993332
0.00710894305853742,373.3659999
0.00710894305853742,374.066
0.00710894305853742,374.7326666
0.00710894305853742,375.3993333
0.00710894305853742,376.0993332
0.00710894305853742,376.7659999
0.00710894305853742,377.466
0.00710894305853742,378.1326666
0.00710894305853742,378.7993333
0.00710894305853742,379.4993332
0.00710894305853742,380.1659999
0.00691324834229476,380.866
0.00710894305853742,381.5326666
0.00710894305853742,382.1993333
0.00710894305853742,382.8993332
0.00710894305853742,383.5659999
0.00691324834229476,384.266
0.00710894305853742,384.9326666
0.00691324834229476,385.6326666
0.00691324834229476,386.2993332
0.00691324834229476,386.9659999
0.00691324834229476,387.666
0.00691324834229476,388.3326666
0.00691324834229476,389.0326666
0.00691324834229476,389.6993332
0.00691324834229476,390.3659999
0.00691324834229476,391.066
0.00691324834229476,391.7326666
0.00691324834229476,392.4326666
0.00691324834229476,393.0993332
0.00691324834229476,393.7659999
0.00691324834229476,394.466
0.00691324834229476,395.1326666
0.00671755362605211,395.8326666
0.00691324834229476,396.4993332
0.00671755362605211,397.1993333
0.00691324834229476,397.866
0.00691324834229476,398.5326666
0.00671755362605211,399.2326666
0.00671755362605211,399.8993332
0.00671755362605211,400.5993
0.00671755362605211,401.2659666
0.00671755362605211,401.9326333
0.00671755362605211,402.6326332
0.00671755362605211,403.2992999
0.00671755362605211,403.9992999
0.00671755362605211,404.6659666
0.00671755362605211,405.3326333
0.00671755362605211,406.0326333
0.00671755362605211,406.6992999
0.00652185890980945,407.3993
0.00671755362605211,408.0659666
0.00671755362605211,408.7326333
0.00671755362605211,409.4326332
0.00671755362605211,410.0992999
0.00652185890980945,410.7993
0.00671755362605211,411.4659666
0.00671755362605211,412.1326333
0.00652185890980945,412.8326332
0.00652185890980945,413.4992999
0.00652185890980945,414.1993
0.00652185890980945,414.8659666
0.00652185890980945,415.5659666
0.00652185890980945,416.2326332
0.00652185890980945,416.8992999
0.00652185890980945,417.5993
0.00652185890980945,418.2659666
0.00652185890980945,418.9659666
0.00652185890980945,419.6326332
0.00652185890980945,420.2992999
0.00652185890980945,420.9992999
0.00652185890980945,421.6659666
0.00652185890980945,422.3659666
0.00652185890980945,423.0326333
0.00652185890980945,423.6992999
0.00652185890980945,424.3993
0.00652185890980945,425.0659666
0.0063261641935668,425.7659666
0.00652185890980945,426.4326332
0.0063261641935668,427.1326333
0.00652185890980945,427.7993
0.00652185890980945,428.4659666
0.0063261641935668,429.1659666
0.0063261641935668,429.8326332
0.0063261641935668,430.5326333
0.0063261641935668,431.1993
0.0063261641935668,431.8659666
0.0063261641935668,432.5659666
0.0063261641935668,433.2326332
0.0063261641935668,433.9326
0.0063261641935668,434.5992666
0.0063261641935668,435.2659333
0.0063261641935668,435.9659332
0.0063261641935668,436.6325999
0.00613046947732414,437.3326
0.0063261641935668,437.9992666
0.0063261641935668,438.6659333
0.0063261641935668,439.3659332
0.0063261641935668,440.0325999
0.00613046947732414,440.7326
0.0063261641935668,441.3992666
0.00613046947732414,442.0992666
0.00613046947732414,442.7659332
0.00613046947732414,443.4325999
0.00613046947732414,444.1326
0.00613046947732414,444.7992666
0.00613046947732414,445.4992666
0.00613046947732414,446.1659332
0.00613046947732414,446.8659333
0.00613046947732414,447.5326
0.00613046947732414,448.1992666
0.00613046947732414,448.8992666
0.00613046947732414,449.5659332
0.00613046947732414,450.2325999
0.00613046947732414,450.9326
0.00613046947732414,451.5992666
0.00613046947732414,452.2992666
0.00613046947732414,452.9659332
0.00613046947732414,453.6325999
0.00613046947732414,454.3326
0.00613046947732414,454.9992666
0.00593477476108146,455.6992666
0.00613046947732414,456.3659332
0.00593477476108146,457.0659333
0.00613046947732414,457.7326
0.00593477476108146,458.4325999
0.00593477476108146,459.0992666
0.00613046947732414,459.7659332
0.00593477476108146,460.4659333
0.00593477476108146,461.1326
0.00593477476108146,461.8325999
0.00593477476108146,462.4992666
0.00593477476108146,463.1659332
0.00593477476108146,463.8659333
0.00593477476108146,464.5326
0.00593477476108146,465.2325999
0.00593477476108146,465.8992666
0.00593477476108146,466.5659332
0.00593477476108146,467.2659
0.00593477476108146,467.9325666
0.00593477476108146,468.5992333
0.00593477476108146,469.2992332
0.00593477476108146,469.9658999
0.00593477476108146,470.6659
0.00593477476108146,471.3325666
0.0057390800448388,472.0325666
0.00593477476108146,472.6992332
0.00593477476108146,473.3658999
0.0057390800448388,474.0659
0.0057390800448388,474.7325666
0.0057390800448388,475.4325666
0.00593477476108146,476.0992332
0.0057390800448388,476.7992333
0.0057390800448388,477.4659
0.0057390800448388,478.1325666
0.0057390800448388,478.8325666
0.0057390800448388,479.4992332
0.0057390800448388,480.1992333
0.0057390800448388,480.8659
0.0057390800448388,481.5325666
0.0057390800448388,482.2325666
0.0057390800448388,482.8992332
0.0057390800448388,483.5992333
0.0057390800448388,484.2659
0.0057390800448388,484.9325666
0.0057390800448388,485.6325666
0.0057390800448388,486.2992332
0.0057390800448388,486.9658999
0.0057390800448388,487.6659
0.0057390800448388,488.3325666
0.0057390800448388,489.0325666
0.0057390800448388,489.6992332
0.00554338532859614,490.3992333
0.0057390800448388,491.0659
0.00554338532859614,491.7658999
0.0057390800448388,492.4325666
0.0057390800448388,493.0992332
0.00554338532859614,493.7992333
0.00554338532859614,494.4659
0.00554338532859614,495.1658999
0.00554338532859614,495.8325666
0.00554338532859614,496.4992332
0.00554338532859614,497.1992333
0.00554338532859614,497.8659
0.00554338532859614,498.5658999
0.00554338532859614,499.2325666
0.00554338532859614,499.8992332
0.00554338532859614,500.5992
0.00554338532859614,501.2658666
0.00554338532859614,501.9658666
0.00554338532859614,502.6325332
0.00554338532859614,503.2991999
0.00554338532859614,503.9991999
0.00554338532859614,504.6658666
0.00534769061235349,505.3658666
0.00554338532859614,506.0325333
0.00534769061235349,506.7325333
0.00554338532859614,507.3992
0.00554338532859614,508.0658666
0.00534769061235349,508.7658666
0.00554338532859614,509.4325332
0.00534769061235349,510.1325333
0.00534769061235349,510.7992
0.00534769061235349,511.4991999
0.00534769061235349,512.1658666
0.00534769061235349,512.8325332
0.00534769061235349,513.5325333
0.00534769061235349,514.1992
0.00534769061235349,514.8991999
0.00534769061235349,515.5658666
0.00534769061235349,516.2325332
0.00534769061235349,516.9325333
0.00534769061235349,517.5992
0.00534769061235349,518.2658666
0.00534769061235349,518.9658666
0.00534769061235349,519.6325332
0.00534769061235349,520.3325333
0.00534769061235349,520.9991999
0.00534769061235349,521.6658666
0.00534769061235349,522.3658666
0.00534769061235349,523.0325333
0.00534769061235349,523.7325333
0.00534769061235349,524.3992
0.00534769061235349,525.0658666
0.00534769061235349,525.7658666
0.00534769061235349,526.4325332
0.00534769061235349,527.1325333
0.00534769061235349,527.7992
0.0051519958961108,528.4991999
0.00534769061235349,529.1658666
0.0051519958961108,529.8658666
0.0051519958961108,530.5325333
0.0051519958961108,531.1992
0.0051519958961108,531.8991999
0.0051519958961108,532.5658666
0.0051519958961108,533.2658666
0.0051519958961108,533.9325
0.0051519958961108,534.5991666
0.0051519958961108,535.2991666
0.0051519958961108,535.9658332
0.0051519958961108,536.6658333
0.0051519958961108,537.3325
0.0051519958961108,537.9991666
0.0051519958961108,538.6991666
0.0051519958961108,539.3658332
0.0051519958961108,540.0324999
0.0051519958961108,540.7325
0.0051519958961108,541.3991666
0.0051519958961108,542.0991666
0.0051519958961108,542.7658332
0.0051519958961108,543.4324999
0.0051519958961108,544.1325
0.0051519958961108,544.7991666
0.0051519958961108,545.4991666
0.0051519958961108,546.1658332
0.00495630117986815,546.8658333
0.00495630117986815,547.5325
0.00495630117986815,548.2324999
0.00495630117986815,548.8991666
0.00495630117986815,549.5991666
0.00495630117986815,550.2658333
0.00495630117986815,550.9325
0.00495630117986815,551.6324999
0.00495630117986815,552.2991666
0.00495630117986815,552.9658332
0.00495630117986815,553.6658333
0.00495630117986815,554.3325
0.00495630117986815,555.0324999
0.00495630117986815,555.6991666
0.00495630117986815,556.3658332
0.00495630117986815,557.0658333
0.00495630117986815,557.7325
0.00495630117986815,558.4324999
0.00495630117986815,559.0991666
0.00495630117986815,559.7658332
0.00495630117986815,560.4658333
0.00495630117986815,561.1325
0.00495630117986815,561.8324999
0.00495630117986815,562.4991666
0.00495630117986815,563.1991666
0.00495630117986815,563.8658333
0.00495630117986815,564.5325
0.00495630117986815,565.2324999
0.00495630117986815,565.8991666
0.00476060646362549,566.5991666
0.00495630117986815,567.2658
0.00495630117986815,567.9324666
0.00476060646362549,568.6324666
0.00476060646362549,569.2991332
0.00476060646362549,569.9991333
0.00495630117986815,570.6658
0.00476060646362549,571.3657999
0.00476060646362549,572.0324666
0.00476060646362549,572.7324666
0.00476060646362549,573.3991333
0.00476060646362549,574.0658
0.00476060646362549,574.7657999
0.00476060646362549,575.4324666
0.00476060646362549,576.0991332
0.00476060646362549,576.7991333
0.00476060646362549,577.4658
0.00476060646362549,578.1657999
0.00476060646362549,578.8324666
0.00476060646362549,579.4991332
0.00476060646362549,580.1991333
0.00476060646362549,580.8658
0.00476060646362549,581.5657999
0.00476060646362549,582.2324666
0.00476060646362549,582.8991332
0.00476060646362549,583.5991333
0.00476060646362549,584.2658
0.00456491174738284,584.9657999
0.00476060646362549,585.6324666
0.00476060646362549,586.2991332
0.00476060646362549,586.9991333
0.00476060646362549,587.6658
0.00456491174738284,588.3657999
0.00476060646362549,589.0324666
0.00456491174738284,589.7324666
0.00456491174738284,590.3991333
0.00456491174738284,591.0991332
0.00456491174738284,591.7657999
0.00456491174738284,592.4324666
0.00456491174738284,593.1324666
0.00456491174738284,593.7991333
0.00456491174738284,594.4991332
0.00456491174738284,595.1657999
0.00456491174738284,595.8324666
0.00456491174738284,596.5324666
0.00456491174738284,597.1991333
0.00456491174738284,597.8991332
0.00456491174738284,598.5657999
0.00456491174738284,599.2324666
0.00456491174738284,599.9324666
0.00456491174738284,600.5991
0.00456491174738284,601.2657666
0.00456491174738284,601.9657666
0.00456491174738284,602.6324332
0.00456491174738284,603.3324333
0.00456491174738284,603.9990999
0.00456491174738284,604.6657666
0.00456491174738284,605.3657666
0.00456491174738284,606.0324333
0.00436921703114018,606.7324333
0.00456491174738284,607.3991
0.00456491174738284,608.0657666
0.00456491174738284,608.7657666
0.00456491174738284,609.4324332
0.00436921703114018,610.1324333
0.00456491174738284,610.7991
0.00436921703114018,611.4990999
0.00456491174738284,612.1657666
0.00436921703114018,612.8657666
0.00436921703114018,613.5324333
0.00436921703114018,614.2324332
0.00436921703114018,614.8990999
0.00436921703114018,615.5657666
0.00436921703114018,616.2657666
0.00436921703114018,616.9324333
0.00436921703114018,617.5991
0.00436921703114018,618.2990999
0.00436921703114018,618.9657666
0.00436921703114018,619.6657666
0.00436921703114018,620.3324333
0.00436921703114018,620.9990999
0.00436921703114018,621.6990999
0.00436921703114018,622.3657666
0.00436921703114018,623.0657666
0.00436921703114018,623.7324333
0.00436921703114018,624.4324332
0.00436921703114018,625.0990999
0.00436921703114018,625.7657666
0.00436921703114018,626.4657666
0.00436921703114018,627.1324333
0.00436921703114018,627.7991
0.00436921703114018,628.4990999
0.00436921703114018,629.1657666
0.00417352231489753,629.8657666
0.00436921703114018,630.5324333
0.00436921703114018,631.1991
0.00436921703114018,631.8990999
0.00436921703114018,632.5657666
0.00417352231489753,633.2657666
0.00436921703114018,633.9324
0.00417352231489753,634.6323999
0.00436921703114018,635.2990666
0.00417352231489753,635.9990666
0.00417352231489753,636.6657333
0.00417352231489753,637.3324
0.00417352231489753,638.0323999
0.00417352231489753,638.6990666
0.00417352231489753,639.3990666
0.00417352231489753,640.0657333
0.00417352231489753,640.7657332
0.00417352231489753,641.4323999
0.00417352231489753,642.0990666
0.00417352231489753,642.7990666
0.00417352231489753,643.4657333
0.00417352231489753,644.1324
0.00417352231489753,644.8323999
0.00417352231489753,645.4990666
0.00417352231489753,646.1990666
0.00417352231489753,646.8657333
0.00417352231489753,647.5324
0.00417352231489753,648.2323999
0.00417352231489753,648.8990666
0.00417352231489753,649.5990666
0.00417352231489753,650.2657333
0.00417352231489753,650.9324
0.00417352231489753,651.6323999
0.00417352231489753,652.2990666
0.00417352231489753,652.9657332
0.00417352231489753,653.6657333
0.00417352231489753,654.3324
0.00417352231489753,655.0323999
0.00417352231489753,655.6990666
0.00417352231489753,656.3990666
0.00417352231489753,657.0657333
0.00417352231489753,657.7324
0.00417352231489753,658.4323999
0.00417352231489753,659.0990666
0.00397782759865484,659.7990666
0.00417352231489753,660.4657333
0.00417352231489753,661.1324
0.00417352231489753,661.8323999
0.00397782759865484,662.5324
0.00397782759865484,663.1990666
0.00397782759865484,663.8657333
0.00397782759865484,664.5657332
0.00397782759865484,665.2323999
0.00397782759865484,665.9324
0.00397782759865484,666.5990666
0.00397782759865484,667.2657
0.00397782759865484,667.9656999
0.00397782759865484,668.6323666
0.00397782759865484,669.3323666
0.00397782759865484,669.9990333
0.00397782759865484,670.6657
0.00397782759865484,671.3656999
0.00397782759865484,672.0323666
0.00397782759865484,672.7323666
0.00397782759865484,673.3990333
0.00397782759865484,674.0657
0.00397782759865484,674.7656999
0.00397782759865484,675.4323666
0.00397782759865484,676.1323666
0.00397782759865484,676.7990333
0.00397782759865484,677.4657
0.00397782759865484,678.1656999
0.00397782759865484,678.8323666
0.00397782759865484,679.4990332
0.00397782759865484,680.1990333
0.00397782759865484,680.8657
0.00397782759865484,681.5656999
0.00397782759865484,682.2323666
0.00397782759865484,682.8990332
0.00397782759865484,683.5990333
0.00397782759865484,684.2657
0.00378213288241219,684.9656999
0.00397782759865484,685.6323666
0.00378213288241219,686.3323666
0.00378213288241219,686.9990333
0.00378213288241219,687.6990332
0.00397782759865484,688.3656999
0.00397782759865484,689.0323666
0.00378213288241219,689.7323666
0.00378213288241219,690.3990333
0.00378213288241219,691.0990332
0.00378213288241219,691.7656999
0.00378213288241219,692.4657
0.00378213288241219,693.1323666
0.00378213288241219,693.7990333
0.00378213288241219,694.4990332
0.00378213288241219,695.1656999
0.00378213288241219,695.8657
0.00378213288241219,696.5323666
0.00378213288241219,697.1990333
0.00378213288241219,697.8990332
0.00378213288241219,698.5656999
0.00378213288241219,699.2657
0.00378213288241219,699.9323666
0.00378213288241219,700.599
0.00378213288241219,701.2989999
0.00378213288241219,701.9656666
0.00378213288241219,702.6656666
0.00378213288241219,703.3323333
0.00378213288241219,703.9989999
0.00378213288241219,704.6989999
0.00378213288241219,705.3656666
0.00378213288241219,706.0323333
0.00378213288241219,706.7323333
0.00378213288241219,707.399
0.00378213288241219,708.0989999
0.00378213288241219,708.7656666
0.00378213288241219,709.4323332
0.00378213288241219,710.1323333
0.00378213288241219,710.799
0.00378213288241219,711.4989999
0.00378213288241219,712.1656666
0.00358643816616953,712.8656666
0.00378213288241219,713.5323333
0.00358643816616953,714.2323332
0.00358643816616953,714.8989999
0.00358643816616953,715.599
0.00358643816616953,716.2656666
0.00358643816616953,716.9323333
0.00358643816616953,717.6323332
0.00358643816616953,718.2989999
0.00358643816616953,718.9989999
0.00358643816616953,719.6656666
0.00358643816616953,720.3323333
0.00358643816616953,721.0323333
0.00358643816616953,721.6989999
0.00358643816616953,722.399
0.00358643816616953,723.0656666
0.00358643816616953,723.7656666
0.00358643816616953,724.4323332
0.00358643816616953,725.0989999
0.00358643816616953,725.799
0.00358643816616953,726.4656666
0.00358643816616953,727.1323333
0.00358643816616953,727.8323332
0.00358643816616953,728.4989999
0.00358643816616953,729.199
0.00358643816616953,729.8656666
0.00358643816616953,730.5323333
0.00358643816616953,731.2323332
0.00358643816616953,731.8989999
0.00358643816616953,732.599
0.00358643816616953,733.2656666
0.00358643816616953,733.9323
0.00358643816616953,734.6322999
0.00358643816616953,735.2989666
0.00358643816616953,735.9656332
0.00358643816616953,736.6656333
0.00358643816616953,737.3323
0.00358643816616953,738.0322999
0.00358643816616953,738.6989666
0.00358643816616953,739.3656332
0.00358643816616953,740.0656333
0.00358643816616953,740.7323
0.00339074344992687,741.4322999
0.00358643816616953,742.0989666
0.00358643816616953,742.7989666
0.00358643816616953,743.4656333
0.00339074344992687,744.1656332
0.00358643816616953,744.8322999
0.00358643816616953,745.4989666
0.00339074344992687,746.1989666
0.00339074344992687,746.8656333
0.00339074344992687,747.5656332
0.00339074344992687,748.2322999
0.00339074344992687,748.9323
0.00339074344992687,749.5989666
0.00339074344992687,750.2989666
0.00339074344992687,750.9656332
0.00339074344992687,751.6322999
0.00339074344992687,752.3323
0.00339074344992687,752.9989666
0.00339074344992687,753.6989666
0.00339074344992687,754.3656332
0.00339074344992687,755.0322999
0.00339074344992687,755.7323
0.00339074344992687,756.3989666
0.00339074344992687,757.0656333
0.00339074344992687,757.7656332
0.00339074344992687,758.4322999
0.00339074344992687,759.1323
0.00339074344992687,759.7989666
0.00339074344992687,760.4656333
0.00339074344992687,761.1656332
0.00339074344992687,761.8322999
0.00339074344992687,762.5323
0.00339074344992687,763.1989666
0.00339074344992687,763.8656333
0.00339074344992687,764.5656332
0.00339074344992687,765.2322999
0.00339074344992687,765.9323
0.00339074344992687,766.5989666
0.00339074344992687,767.2656
0.00339074344992687,767.9655999
0.00339074344992687,768.6322666
0.00339074344992687,769.3322666
0.00339074344992687,769.9989333
0.00339074344992687,770.6656
0.00339074344992687,771.3655999
0.00339074344992687,772.0322666
0.00339074344992687,772.7322666
0.00339074344992687,773.3989333
0.00339074344992687,774.0656
0.00339074344992687,774.7655999
0.00339074344992687,775.4322666
0.00319504873368422,776.1322666
0.00339074344992687,776.7989333
0.00319504873368422,777.4989332
0.00339074344992687,778.1655999
0.00319504873368422,778.8656
0.00319504873368422,779.5322666
0.00339074344992687,780.1989333
0.00319504873368422,780.8989332
0.00319504873368422,781.5655999
0.00319504873368422,782.2656
0.00319504873368422,782.9322666
0.00319504873368422,783.6322666
0.00319504873368422,784.2989332
0.00319504873368422,784.9655999
0.00319504873368422,785.6656
0.00319504873368422,786.3322666
0.00319504873368422,787.0322666
0.00319504873368422,787.6989332
0.00319504873368422,788.3655999
0.00319504873368422,789.0656
0.00319504873368422,789.7322666
0.00319504873368422,790.4322666
0.00319504873368422,791.0989332
0.00319504873368422,791.7655999
0.00319504873368422,792.4656
0.00319504873368422,793.1322666
0.00319504873368422,793.8322666
0.00319504873368422,794.4989332
0.00319504873368422,795.1655999
0.00319504873368422,795.8656
0.00319504873368422,796.5322666
0.00319504873368422,797.2322666
0.00319504873368422,797.8989332
0.00319504873368422,798.5655999
0.00319504873368422,799.2656
0.00319504873368422,799.9322666
0.00319504873368422,800.5989
0.00319504873368422,801.2988999
0.00319504873368422,801.9655666
0.00319504873368422,802.6655666
0.00319504873368422,803.3322333
0.00319504873368422,803.9988999
0.00319504873368422,804.6988999
0.00319504873368422,805.3655666
0.00299935401744153,806.0655666
0.00319504873368422,806.7322333
0.00319504873368422,807.3989
0.00319504873368422,808.0988999
0.00319504873368422,808.7655666
0.00299935401744153,809.4655666
0.00319504873368422,810.1322333
0.00299935401744153,810.8322332
0.00299935401744153,811.4988999
0.00319504873368422,812.1655666
0.00319504873368422,812.8655666
0.00319504873368422,813.5322333
0.00299935401744153,814.2322332
0.00299935401744153,814.9322333
0.00299935401744153,815.5989
0.00299935401744153,816.2655666
0.00299935401744153,816.9655666
0.00299935401744153,817.6322332
0.00299935401744153,818.3322333
0.00299935401744153,818.9988999
0.00299935401744153,819.6655666
0.00299935401744153,820.3655666
0.00299935401744153,821.0322333
0.00299935401744153,821.7322333
0.00299935401744153,822.3989
0.00299935401744153,823.0655666
0.00299935401744153,823.7655666
0.00299935401744153,824.4322332
0.00299935401744153,825.0988999
0.00299935401744153,825.7989
0.00299935401744153,826.4655666
0.00299935401744153,827.1655666
0.00299935401744153,827.8322332
0.00299935401744153,828.4988999
0.00299935401744153,829.1989
0.00299935401744153,829.8655666
0.00299935401744153,830.5655666
0.00299935401744153,831.2322332
0.00299935401744153,831.8988999
0.00299935401744153,832.5989
0.00299935401744153,833.2655666
0.00299935401744153,833.9655332
0.00299935401744153,834.6321999
0.00299935401744153,835.2988666
0.00299935401744153,835.9988666
0.00299935401744153,836.6655333
0.00299935401744153,837.3655332
0.00299935401744153,838.0321999
0.00299935401744153,838.6988666
0.00299935401744153,839.3988666
0.00299935401744153,840.0655333
0.00299935401744153,840.7322
0.00299935401744153,841.4321999
0.00299935401744153,842.0988666
0.00299935401744153,842.7988666
0.00299935401744153,843.4655333
0.00280365930119888,844.1655332
0.00299935401744153,844.8321999
0.00299935401744153,845.4988666
0.00280365930119888,846.1988666
0.00299935401744153,846.8655333
0.00280365930119888,847.5655332
0.00299935401744153,848.2321999
0.00280365930119888,848.9322
0.00280365930119888,849.6321999
0.00299935401744153,850.2655333
0.00280365930119888,850.9655332
0.00280365930119888,851.6655333
0.00280365930119888,852.3322
0.00280365930119888,853.0321999
0.00280365930119888,853.6988666
0.00280365930119888,854.3655332
0.00280365930119888,855.0655333
0.00280365930119888,855.7322
0.00280365930119888,856.4321999
0.00280365930119888,857.0988666
0.00280365930119888,857.7655332
0.00280365930119888,858.4655333
0.00280365930119888,859.1322
0.00280365930119888,859.7988666
0.00280365930119888,860.4988666
0.00280365930119888,861.1655332
0.00280365930119888,861.8655333
0.00280365930119888,862.5322
0.00280365930119888,863.1988666
0.00280365930119888,863.8988666
0.00280365930119888,864.5655332
0.00280365930119888,865.2655333
0.00280365930119888,865.9322
0.00280365930119888,866.6321999
0.00280365930119888,867.2988332
0.00280365930119888,867.9654999
0.00280365930119888,868.6655
0.00280365930119888,869.3321666
0.00280365930119888,869.9988333
0.00280365930119888,870.6988332
0.00280365930119888,871.3654999
0.00280365930119888,872.0655
0.00280365930119888,872.7321666
0.00280365930119888,873.3988333
0.00280365930119888,874.0988332
0.00280365930119888,874.7654999
0.00280365930119888,875.4655
0.00280365930119888,876.1321666
0.00280365930119888,876.7988333
0.00280365930119888,877.4988332
0.00280365930119888,878.1654999
0.00280365930119888,878.8655
0.00280365930119888,879.5321666
0.00280365930119888,880.1988333
0.00280365930119888,880.8988332
0.00280365930119888,881.5654999
0.00280365930119888,882.2655
0.00280365930119888,882.9321666
0.00280365930119888,883.5988333
0.00280365930119888,884.2988332
0.00280365930119888,884.9654999
0.00280365930119888,885.6655
0.00280365930119888,886.3321666
0.00280365930119888,886.9988333
0.00280365930119888,887.6988332
0.00280365930119888,888.3654999
0.00260796458495622,889.0655
0.00280365930119888,889.7321666
0.00280365930119888,890.3988333
0.00260796458495622,891.1321666
0.00260796458495622,891.7988333
0.00260796458495622,892.4655
0.00280365930119888,893.1321666
0.00260796458495622,893.8321666
0.00260796458495622,894.5321666
0.00260796458495622,895.1988333
0.00260796458495622,895.8655
0.00260796458495622,896.5654999
0.00260796458495622,897.2321666
0.00260796458495622,897.8988332
0.00260796458495622,898.5988333
0.00260796458495622,899.2655
0.00260796458495622,899.9654999
0.00260796458495622,900.6321332
0.00260796458495622,901.3321333
0.00260796458495622,901.9987999
0.00260796458495622,902.6654666
0.00260796458495622,903.3654666
0.00260796458495622,904.0321333
0.00260796458495622,904.6987999
0.00260796458495622,905.3988
0.00260796458495622,906.0654666
0.00260796458495622,906.7654666
0.00260796458495622,907.4321332
0.00260796458495622,908.0987999
0.00260796458495622,908.7988
0.00260796458495622,909.4654666
0.00260796458495622,910.1654666
0.00260796458495622,910.8321332
0.00260796458495622,911.4987999
0.00260796458495622,912.1988
0.00260796458495622,912.8654666
0.00260796458495622,913.5654666
0.00260796458495622,914.2321332
0.00260796458495622,914.8987999
0.00260796458495622,915.5988
0.00260796458495622,916.2654666
0.00260796458495622,916.9654666
0.00260796458495622,917.6321332
0.00260796458495622,918.2987999
0.00260796458495622,918.9987999
0.00260796458495622,919.6654666
0.00260796458495622,920.3654666
0.00260796458495622,921.0321333
0.00260796458495622,921.6987999
0.00260796458495622,922.3988
0.00260796458495622,923.0654666
0.00260796458495622,923.7321333
0.00260796458495622,924.4321332
0.00260796458495622,925.0987999
0.00260796458495622,925.7988
0.00260796458495622,926.4654666
0.00241226986871357,927.1654666
0.00260796458495622,927.8321332
0.00260796458495622,928.4987999
0.00260796458495622,929.1988
0.00260796458495622,929.8654666
0.00241226986871357,930.5654666
0.00260796458495622,931.2321332
0.00241226986871357,931.9321333
0.00241226986871357,932.6321332
0.00260796458495622,933.2654666
0.00241226986871357,933.9654332
0.00260796458495622,934.6320999
0.00241226986871357,935.3321
0.00241226986871357,936.0320999
0.00260796458495622,936.6654333
0.00241226986871357,937.3654332
0.00241226986871357,938.0654333
0.00241226986871357,938.7321
0.00241226986871357,939.4320999
0.00241226986871357,940.0987666
0.00241226986871357,940.7654332
0.00241226986871357,941.4654333
0.00241226986871357,942.1321
0.00241226986871357,942.8320999
0.00241226986871357,943.4987666
0.00241226986871357,944.1654332
0.00241226986871357,944.8654333
0.00241226986871357,945.5321
0.00241226986871357,946.2320999
0.00241226986871357,946.8987666
0.00241226986871357,947.5654332
0.00241226986871357,948.2654333
0.00241226986871357,948.9321
0.00241226986871357,949.6320999
0.00241226986871357,950.2987666
0.00241226986871357,950.9654332
0.00241226986871357,951.6654333
0.00241226986871357,952.3321
0.00241226986871357,953.0320999
0.00241226986871357,953.6987666
0.00241226986871357,954.3654332
0.00241226986871357,955.0654333
0.00241226986871357,955.7321
0.00241226986871357,956.4320999
0.00241226986871357,957.0987666
0.00241226986871357,957.7654332
0.00241226986871357,958.4654333
0.00241226986871357,959.1321
0.00241226986871357,959.7987666
0.00241226986871357,960.4987666
0.00241226986871357,961.1654332
0.00241226986871357,961.8654333
0.00241226986871357,962.5321
0.00241226986871357,963.1987666
0.00241226986871357,963.8987666
0.00241226986871357,964.5654332
0.00241226986871357,965.2654333
0.00241226986871357,965.9321
0.00241226986871357,966.6320999
0.00241226986871357,967.2987332
0.00241226986871357,967.9653999
0.00241226986871357,968.6654
0.00241226986871357,969.3320666
0.00241226986871357,969.9987333
0.00241226986871357,970.6987332
0.00241226986871357,971.3653999
0.00241226986871357,972.0654
0.00241226986871357,972.7320666
0.00241226986871357,973.3987333
0.00241226986871357,974.0987332
0.00241226986871357,974.7653999
0.00221657515247091,975.4654
0.00241226986871357,976.1320666
0.00241226986871357,976.7987333
0.00241226986871357,977.4987332
0.00241226986871357,978.1653999
0.00241226986871357,978.8654
0.00241226986871357,979.5320666
0.00241226986871357,980.1987333
0.00221657515247091,980.9320666
0.00221657515247091,981.5987333
0.00221657515247091,982.2987332
0.00241226986871357,982.9320666
0.00221657515247091,983.6320666
0.00221657515247091,984.3320666
0.00241226986871357,984.9653999
0.00221657515247091,985.6654
0.00221657515247091,986.3653999
0.00221657515247091,987.0320666
0.00221657515247091,987.7320666
0.00221657515247091,988.3987333
0.00221657515247091,989.0654
0.00221657515247091,989.7653999
0.00221657515247091,990.4320666
0.00221657515247091,991.1320666
0.00221657515247091,991.7987333
0.00221657515247091,992.4987332
0.00221657515247091,993.1653999
0.00221657515247091,993.8320666
0.00221657515247091,994.5320666
0.00221657515247091,995.1987333
0.00221657515247091,995.8654
0.00221657515247091,996.5653999
0.00221657515247091,997.2320666
0.00221657515247091,997.9320666
0.00221657515247091,998.5987333
0.00221657515247091,999.2654
0.00221657515247091,999.9653999
0.00221657515247091,1000.6320332
0.00221657515247091,1001.3320333
0.00221657515247091,1001.9986999
0.00221657515247091,1002.6653666
0.00221657515247091,1003.3653666
0.00221657515247091,1004.0320333
0.00221657515247091,1004.7320333
0.00221657515247091,1005.3987
0.00221657515247091,1006.0986999
0.00221657515247091,1006.7653666
0.00221657515247091,1007.4320332
0.00221657515247091,1008.1320333
0.00221657515247091,1008.7987
0.00221657515247091,1009.4986999
0.00221657515247091,1010.1653666
0.00221657515247091,1010.8320332
0.00221657515247091,1011.5320333
0.00221657515247091,1012.1987
0.00221657515247091,1012.8653666
0.00221657515247091,1013.5653666
0.00221657515247091,1014.2320332
0.00221657515247091,1014.9320333
0.00221657515247091,1015.5987
0.00221657515247091,1016.2653666
0.00221657515247091,1016.9653666
0.00221657515247091,1017.6320332
0.00221657515247091,1018.3320333
0.00221657515247091,1018.9986999
0.00221657515247091,1019.6653666
0.00221657515247091,1020.3653666
0.00221657515247091,1021.0320333
0.00221657515247091,1021.7320333
0.00221657515247091,1022.3987
0.00221657515247091,1023.0653666
0.00221657515247091,1023.7653666
0.00221657515247091,1024.4320332
0.00221657515247091,1025.0986999
0.00221657515247091,1025.7987
0.00221657515247091,1026.4653666
0.00221657515247091,1027.1653666
0.00221657515247091,1027.8320332
0.00221657515247091,1028.4986999
0.00221657515247091,1029.1987
0.00221657515247091,1029.8653666
0.00221657515247091,1030.5653666
0.00221657515247091,1031.2320332
0.00202088043622823,1031.9320333
0.00202088043622823,1032.6320332
0.00221657515247091,1033.2653666
0.00202088043622823,1033.9986666
0.00221657515247091,1034.6319999
0.00202088043622823,1035.3653332
0.00202088043622823,1036.0319999
0.00202088043622823,1036.6986666
0.00202088043622823,1037.3986666
0.00202088043622823,1038.0653333
0.00202088043622823,1038.7653332
0.00202088043622823,1039.4319999
0.00202088043622823,1040.0986666
0.00202088043622823,1040.7986666
0.00202088043622823,1041.4653333
0.00202088043622823,1042.1653332
0.00202088043622823,1042.8319999
0.00202088043622823,1043.4986666
0.00202088043622823,1044.1986666
0.00202088043622823,1044.8653333
0.00202088043622823,1045.532
0.00202088043622823,1046.2319999
0.00202088043622823,1046.8986666
0.00202088043622823,1047.5986666
0.00202088043622823,1048.2653333
0.00202088043622823,1048.9653332
0.00202088043622823,1049.6319999
0.00202088043622823,1050.2986666
0.00202088043622823,1050.9986666
0.00202088043622823,1051.6653333
0.00202088043622823,1052.3653332
0.00202088043622823,1053.0319999
0.00202088043622823,1053.6986666
0.00202088043622823,1054.3986666
0.00202088043622823,1055.0653333
0.00202088043622823,1055.7653332
0.00202088043622823,1056.4319999
0.00202088043622823,1057.0986666
0.00202088043622823,1057.7986666
0.00202088043622823,1058.4653333
0.00202088043622823,1059.1653332
0.00202088043622823,1059.8319999
0.00202088043622823,1060.4986666
0.00202088043622823,1061.1986666
0.00202088043622823,1061.8653333
0.00202088043622823,1062.5653332
0.00202088043622823,1063.2319999
0.00202088043622823,1063.8986666
0.00202088043622823,1064.5986666
0.00202088043622823,1065.2653333
0.00202088043622823,1065.9653332
0.00202088043622823,1066.6319999
0.00202088043622823,1067.2986332
0.00202088043622823,1067.9986333
0.00202088043622823,1068.6653
0.00202088043622823,1069.3652999
0.00202088043622823,1070.0319666
0.00202088043622823,1070.6986332
0.00202088043622823,1071.3986333
0.00202088043622823,1072.0653
0.00202088043622823,1072.7319666
0.00202088043622823,1073.4319666
0.00202088043622823,1074.0986332
0.00202088043622823,1074.7986333
0.00202088043622823,1075.4653
0.00202088043622823,1076.1652999
0.00202088043622823,1076.8319666
0.00202088043622823,1077.4986332
0.00202088043622823,1078.1652999
0.00202088043622823,1078.8653
0.00202088043622823,1079.5319666
0.00202088043622823,1080.2319666
0.00202088043622823,1080.8986332
0.00202088043622823,1081.5986333
0.00202088043622823,1082.2653
0.00202088043622823,1082.9319666
0.00202088043622823,1083.6319666
0.00202088043622823,1084.2986332
0.00202088043622823,1084.9986333
0.00202088043622823,1085.6653
0.00202088043622823,1086.3319666
0.00202088043622823,1087.0319666
0.00202088043622823,1087.6986332
0.00202088043622823,1088.3652999
0.00202088043622823,1089.0653
0.00202088043622823,1089.7319666
0.00202088043622823,1090.4319666
0.00202088043622823,1091.0986332
0.00202088043622823,1091.7652999
0.00202088043622823,1092.4653
0.00202088043622823,1093.1319666
0.00202088043622823,1094.4986332
0.00202088043622823,1095.8653
0.00202088043622823,1097.8986332
0.00202088043622823,1099.2653
