x_1min,t_1min
0.00867450078847873,0.033333400000032
0.00710894305853743,0.0666667000000132
0.00495630117986814,0.10000009999996
0.00241226986871357,0.133333299999975
-0.000327456158683709,0.166666700000036
-0.00287148746983829,0.200000000000017
-0.00541551878099289,0.233333399999964
-0.0073724659434195,0.266666700000059
-0.00835093952463281,0.300000100000005
-0.00854663424087548,0.333333300000021
-0.00815524480839017,0.366666699999968
-0.00658968707844887,0.400000000000063
-0.00443704519977958,0.433333400000009
-0.00169731917238233,0.46666669999999
0.00104240685501492,0.500000100000051
0.00378213288241219,0.533333299999953
0.00593477476108145,0.566666700000013
0.00769602720726542,0.599999999999994
0.00906589022096405,0.633333400000055
0.00945727965344939,0.666666700000036
0.00906589022096405,0.700000099999983
0.00769602720726542,0.733333299999998
0.00593477476108145,0.766666700000059
0.00358643816616952,0.80000000000004
0.000846712138772271,0.833333399999987
-0.00189301388862498,0.866666699999968
-0.00463273991602225,0.900000100000028
-0.00678538179469151,0.933333300000044
-0.00815524480839017,0.96666669999999
-0.00874232895711813,0.999999999999972
-0.00835093952463281,1.03333340000003
-0.0073724659434195,1.06666670000001
-0.00541551878099289,1.10000009999996
-0.00287148746983829,1.13333329999998
-0.000131761442441036,1.16666670000004
0.00260796458495621,1.20000000000002
0.00515199589611082,1.23333339999996
0.00710894305853743,1.26666670000006
0.00867450078847873,1.30000010000001
0.00945727965344939,1.33333330000002
0.00926158493720672,1.36666669999997
0.00847880607223608,1.40000000000006
0.00671755362605211,1.43333340000001
0.0047606064636255,1.46666669999999
0.00202088043622822,1.50000010000005
-0.000718845591168998,1.53333329999995
-0.00345857161856628,1.56666670000001
-0.00600260292972088,1.59999999999999
-0.00776385537590482,1.63333340000005
-0.00854663424087548,1.66666670000004
-0.00854663424087548,1.70000009999998
-0.00795955009214749,1.7333333
-0.0063939923622062,1.76666670000006
-0.00404565576729427,1.80000000000004
-0.00150162445613966,1.83333339999999
0.00143379628750026,1.86666669999997
0.00397782759865484,1.90000010000003
0.0063261641935668,1.93333330000004
0.00808741663975077,1.96666669999999
0.00926158493720672,1.99999999999997
0.00945727965344939,2.03333340000003
0.00887019550472137,2.06666670000001
0.00750033249102278,2.10000009999996
0.00554338532859613,2.13333329999998
0.00319504873368423,2.16666670000004
0.000455322706286954,2.20000000000002
-0.00228440332111032,2.23333339999996
-0.0048284346322649,2.26666670000006
-0.00698107651093419,2.30000010000001
-0.00815524480839017,2.33333330000002
-0.00854663424087548,2.36666669999997
-0.00835093952463281,2.40000000000006
-0.00717677122717686,2.43333340000001
-0.00502412934850757,2.46666669999999
-0.00248009803735297,2.50000010000005
0.000259627990044309,2.53333329999995
0.00299935401744153,2.56666670000001
0.00554338532859613,2.59999999999999
0.0073046377747801,2.63333340000005
0.00887019550472137,2.66666670000004
0.00945727965344939,2.70000009999998
0.00926158493720672,2.7333333
0.00808741663975077,2.76666670000006
0.0063261641935668,2.80000000000004
0.00378213288241219,2.83333339999999
0.00143379628750026,2.86666669999997
-0.00130592973989702,2.90000010000003
-0.00404565576729427,2.93333330000004
-0.00619829764596355,2.96666669999999
-0.00776385537590482,2.99999999999997
-0.00854663424087548,3.03333340000003
-0.00854663424087548,3.06666670000001
-0.00756816065966218,3.10000009999996
-0.00600260292972088,3.13333329999998
-0.00345857161856628,3.16666670000004
-0.000914540307411699,3.20000000000002
0.00202088043622822,3.23333339999996
0.00456491174738283,3.26666670000006
0.00652185890980944,3.30000010000001
0.00828311135599341,3.33333330000002
0.00926158493720672,3.36666669999997
0.00945727965344939,3.40000000000006
0.00867450078847873,3.43333340000001
0.00710894305853743,3.46666669999999
0.00495630117986814,3.50000010000005
0.00260796458495621,3.53333329999995
-0.000131761442441036,3.56666670000001
-0.00267579275359564,3.59999999999999
-0.00541551878099289,3.63333340000005
-0.0073724659434195,3.66666670000004
-0.00835093952463281,3.70000009999998
-0.00854663424087548,3.7333333
-0.00815524480839017,3.76666670000006
-0.00678538179469151,3.80000000000004
-0.00463273991602225,3.83333339999999
-0.00208870860486765,3.86666669999997
0.000846712138772271,3.90000010000003
0.00358643816616952,3.93333330000004
0.00573908004483881,3.96666669999999
0.00769602720726542,3.99999999999997
0.00906589022096405,4.03333340000003
0.00945727965344939,4.06666670000001
0.00906589022096405,4.10000009999996
0.00789172192350807,4.13333329999998
0.00593477476108145,4.16666670000004
0.00358643816616952,4.20000000000002
0.00104240685501492,4.23333339999996
-0.00189301388862498,4.26666670000006
-0.00443704519977958,4.30000010000001
-0.00658968707844887,4.33333330000002
-0.00815524480839017,4.36666669999997
-0.00854663424087548,4.40000000000006
-0.00835093952463281,4.43333340000001
-0.00756816065966218,4.46666669999999
-0.00561121349723556,4.50000010000005
-0.00306718218608096,4.53333329999995
-0.000523150874926354,4.56666670000001
0.00241226986871357,4.59999999999999
0.00495630117986814,4.63333340000005
0.00691324834229476,4.66666670000004
0.00847880607223608,4.70000009999998
0.00926158493720672,4.7333333
0.00926158493720672,4.76666670000006
0.00847880607223608,4.80000000000004
0.00671755362605211,4.83333339999999
0.00456491174738283,4.86666669999997
0.00221657515247092,4.90000010000003
-0.000718845591168998,4.93333330000004
-0.00306718218608096,4.96666669999999
-0.00580690821347821,4.99999999999997
-0.00756816065966218,5.03333340000003
-0.00835093952463281,5.06666670000001
-0.00854663424087548,5.10000009999996
-0.00795955009214749,5.13333329999998
-0.0063939923622062,5.16666670000004
-0.00424135048353694,5.20000000000002
-0.00150162445613966,5.23333339999996
0.00123810157125762,5.26666670000006
0.00397782759865484,5.30000010000001
0.0063261641935668,5.33333330000002
0.00789172192350807,5.36666669999997
0.00906589022096405,5.40000000000006
0.00945727965344939,5.43333340000001
0.00887019550472137,5.46666669999999
0.00750033249102278,5.50000010000005
0.00554338532859613,5.53333329999995
0.00319504873368423,5.56666670000001
0.000455322706286954,5.59999999999999
-0.00208870860486765,5.63333340000005
-0.00502412934850757,5.66666670000004
-0.00698107651093419,5.70000009999998
-0.00815524480839017,5.7333333
-0.00854663424087548,5.76666670000006
-0.00815524480839017,5.80000000000004
-0.00698107651093419,5.83333339999999
-0.00502412934850757,5.86666669999997
-0.00267579275359564,5.90000010000003
6.39332738016085e-05,5.93333330000004
0.00280365930119889,5.96666669999999
0.00534769061235349,5.99999999999997
0.0073046377747801,6.03333340000003
0.00867450078847873,6.06666670000001
0.00926158493720672,6.10000009999996
0.00906589022096405,6.13333329999998
0.00808741663975077,6.16666670000004
0.0063261641935668,6.20000000000002
0.00436921703114018,6.23333339999996
0.00162949100374291,6.26666670000006
-0.00111023502365434,6.30000010000001
-0.00384996105105159,6.33333330000002
-0.00600260292972088,6.36666669999997
-0.00776385537590482,6.40000000000006
-0.00854663424087548,6.43333340000001
-0.00835093952463281,6.46666669999999
-0.00756816065966218,6.50000010000005
-0.00600260292972088,6.53333329999995
-0.00345857161856628,6.56666670000001
-0.000914540307411699,6.59999999999999
0.00182518571998558,6.63333340000005
0.00436921703114018,6.66666670000004
0.00652185890980944,6.70000009999998
0.00828311135599341,6.7333333
0.00926158493720672,6.76666670000006
0.00945727965344939,6.80000000000004
0.00867450078847873,6.83333339999999
0.00710894305853743,6.86666669999997
0.00515199589611082,6.90000010000003
0.00260796458495621,6.93333330000004
6.39332738016085e-05,6.96666669999999
-0.00267579275359564,6.99999999999997
-0.00521982406475024,7.03333340000003
-0.00717677122717686,7.06666670000001
-0.00835093952463281,7.10000009999996
-0.00854663424087548,7.13333329999998
-0.00815524480839017,7.16666670000004
-0.00678538179469151,7.20000000000002
-0.00463273991602225,7.23333339999996
-0.00228440332111032,7.26666670000006
0.000651017422529598,7.30000010000001
0.00339074344992688,7.33333330000002
0.00573908004483881,7.36666669999997
0.00750033249102278,7.40000000000006
0.00887019550472137,7.43333340000001
0.00945727965344939,7.46666669999999
0.00906589022096405,7.50000010000005
0.00789172192350807,7.53333329999995
0.00613046947732415,7.56666670000001
0.00358643816616952,7.59999999999999
0.00104240685501492,7.63333340000005
-0.00150162445613966,7.66666670000004
-0.00404565576729427,7.70000009999998
-0.00658968707844887,7.7333333
-0.00795955009214749,7.76666670000006
-0.00854663424087548,7.80000000000004
-0.00835093952463281,7.83333339999999
-0.0073724659434195,7.86666669999997
-0.00580690821347821,7.90000010000003
-0.00326287690232363,7.93333330000004
-0.000523150874926354,7.96666669999999
0.00221657515247092,7.99999999999997
0.0047606064636255,8.03333340000003
0.00691324834229476,8.06666670000001
0.00828311135599341,8.10000009999996
0.00926158493720672,8.13333329999998
0.00926158493720672,8.16666670000004
0.00828311135599341,8.20000000000002
0.00671755362605211,8.23333339999996
0.0047606064636255,8.26666670000006
0.00221657515247092,8.30000010000001
-0.000523150874926354,8.33333330000002
-0.00306718218608096,8.36666669999997
-0.00561121349723556,8.40000000000006
-0.0073724659434195,8.43333340000001
-0.00835093952463281,8.46666669999999
-0.00835093952463281,8.50000010000005
-0.00776385537590482,8.53333329999995
-0.0063939923622062,8.56666670000001
-0.00424135048353694,8.59999999999999
-0.00169731917238233,8.63333340000005
0.00104240685501492,8.66666670000004
0.00378213288241219,8.70000009999998
0.00593477476108145,8.7333333
0.00789172192350807,8.76666670000006
0.00906589022096405,8.80000000000004
0.00926158493720672,8.83333339999999
0.00887019550472137,8.86666669999997
0.00750033249102278,8.90000010000003
0.00554338532859613,8.93333330000004
0.00319504873368423,8.96666669999999
0.000455322706286954,8.99999999999997
-0.00208870860486765,9.03333340000003
-0.0048284346322649,9.06666670000001
-0.00678538179469151,9.10000009999996
-0.00795955009214749,9.13333329999998
-0.00854663424087548,9.16666670000004
-0.00815524480839017,9.20000000000002
-0.00717677122717686,9.23333339999996
-0.00541551878099289,9.26666670000006
-0.00267579275359564,9.30000010000001
6.39332738016085e-05,9.33333330000002
0.00260796458495621,9.36666669999997
0.00515199589611082,9.40000000000006
0.00710894305853743,9.43333340000001
0.00847880607223608,9.46666669999999
0.00926158493720672,9.50000010000005
0.00906589022096405,9.53333329999995
0.00808741663975077,9.56666670000001
0.00652185890980944,9.59999999999999
0.00436921703114018,9.63333340000005
0.00182518571998558,9.66666670000004
-0.000914540307411699,9.70000009999998
-0.00365426633480895,9.7333333
-0.00600260292972088,9.76666670000006
-0.00756816065966218,9.80000000000004
-0.00835093952463281,9.83333339999999
-0.00835093952463281,9.86666669999997
-0.00776385537590482,9.90000010000003
-0.00619829764596355,9.93333330000004
-0.00384996105105159,9.96666669999999
-0.00130592973989702,9.99999999999997
0.00143379628750026,10.0333334
0.00397782759865484,10.0666667
0.0063261641935668,10.1000001
0.00808741663975077,10.1333333
0.00906589022096405,10.1666667
0.00926158493720672,10.2
0.00867450078847873,10.2333334
0.00710894305853743,10.2666667000001
0.00515199589611082,10.3000001
0.00280365930119889,10.3333333
6.39332738016085e-05,10.3666667
-0.00248009803735297,10.4000000000001
-0.00502412934850757,10.4333334
-0.00698107651093419,10.4666667
-0.00815524480839017,10.5000001000001
-0.00835093952463281,10.5333333
-0.00815524480839017,10.5666667
-0.00698107651093419,10.6
-0.0048284346322649,10.6333334000001
-0.00208870860486765,10.6666667
0.000455322706286954,10.7000001
0.00319504873368423,10.7333333
0.00554338532859613,10.7666667000001
0.0073046377747801,10.8
0.00867450078847873,10.8333334
0.00926158493720672,10.8666667
0.00906589022096405,10.9000001
0.00789172192350807,10.9333333
0.00613046947732415,10.9666667
0.00378213288241219,11
0.00123810157125762,11.0333334
-0.00150162445613966,11.0666667
-0.00404565576729427,11.1000001
-0.0063939923622062,11.1333333
-0.00776385537590482,11.1666667
-0.00835093952463281,11.2
-0.00835093952463281,11.2333334
-0.0073724659434195,11.2666667000001
-0.00580690821347821,11.3000001
-0.00326287690232363,11.3333333
-0.000718845591168998,11.3666667
0.00202088043622822,11.4000000000001
0.00456491174738283,11.4333334
0.00671755362605211,11.4666667
0.00828311135599341,11.5000001000001
0.00906589022096405,11.5333333
0.00926158493720672,11.5666667
0.00847880607223608,11.6
0.00691324834229476,11.6333334000001
0.00495630117986814,11.6666667
0.00241226986871357,11.7000001
-0.000327456158683709,11.7333333
-0.00287148746983829,11.7666667000001
-0.00541551878099289,11.8
-0.0073724659434195,11.8333334
-0.00815524480839017,11.8666667
-0.00835093952463281,11.9000001
-0.00776385537590482,11.9333333
-0.0063939923622062,11.9666667
-0.00424135048353694,12
-0.00189301388862498,12.0333334
0.000846712138772271,12.0666667
0.00358643816616952,12.1000001
0.00593477476108145,12.1333333
0.00769602720726542,12.1666667
0.00887019550472137,12.2
0.00926158493720672,12.2333334
0.00887019550472137,12.2666667000001
0.00750033249102278,12.3000001
0.00573908004483881,12.3333333
0.00339074344992688,12.3666667
0.000651017422529598,12.4000000000001
-0.00189301388862498,12.4333334
-0.00443704519977958,12.4666667
-0.00678538179469151,12.5000001000001
-0.00795955009214749,12.5333333
-0.00854663424087548,12.5666667
-0.00815524480839017,12.6
-0.00717677122717686,12.6333334000001
-0.00541551878099289,12.6666667
-0.00287148746983829,12.7000001
-0.000131761442441036,12.7333333
0.00241226986871357,12.7666667000001
0.00495630117986814,12.8
0.00691324834229476,12.8333334
0.00847880607223608,12.8666667
0.00926158493720672,12.9000001
0.00906589022096405,12.9333333
0.00808741663975077,12.9666667
0.00652185890980944,13
0.00436921703114018,13.0333334
0.00182518571998558,13.0666667
-0.000914540307411699,13.1000001
-0.00326287690232363,13.1333333
-0.00600260292972088,13.1666667
-0.0073724659434195,13.2
-0.00835093952463281,13.2333334
-0.00835093952463281,13.2666667000001
-0.00776385537590482,13.3000001
-0.00619829764596355,13.3333333
-0.00404565576729427,13.3666667
-0.00150162445613966,13.4000000000001
0.00123810157125762,13.4333334
0.00397782759865484,13.4666667
0.00613046947732415,13.5000001000001
0.00789172192350807,13.5333333
0.00887019550472137,13.5666667
0.00926158493720672,13.6
0.00867450078847873,13.6333334000001
0.0073046377747801,13.6666667
0.00515199589611082,13.7000001
0.00280365930119889,13.7333333
0.000259627990044309,13.7666667000001
-0.00248009803735297,13.8
-0.0048284346322649,13.8333334
-0.00678538179469151,13.8666667
-0.00795955009214749,13.9000001
-0.00835093952463281,13.9333333
-0.00795955009214749,13.9666667
-0.00678538179469151,14
-0.00463273991602225,14.0333334
-0.00228440332111032,14.0666667
0.000455322706286954,14.1000001
0.00299935401744153,14.1333333
0.00554338532859613,14.1666667
0.00710894305853743,14.2
0.00867450078847873,14.2333334
0.00926158493720672,14.2666667000001
0.00887019550472137,14.3000001
0.00789172192350807,14.3333333
0.00613046947732415,14.3666667
0.00397782759865484,14.4000000000001
0.00123810157125762,14.4333334
-0.00130592973989702,14.4666667
-0.00384996105105159,14.5000001000001
-0.00619829764596355,14.5333333
-0.00776385537590482,14.5666667
-0.00835093952463281,14.6
-0.00835093952463281,14.6333334000001
-0.0073724659434195,14.6666667
-0.00580690821347821,14.7000001
-0.00326287690232363,14.7333333
-0.00111023502365434,14.7666667000001
0.00182518571998558,14.8
0.00436921703114018,14.8333334
0.00652185890980944,14.8666667
0.00808741663975077,14.9000001
0.00906589022096405,14.9333333
0.00926158493720672,14.9666667
0.00847880607223608,15
0.00691324834229476,15.0333334
0.00495630117986814,15.0666667
0.00241226986871357,15.1000001
-0.000327456158683709,15.1333333
-0.00287148746983829,15.1666667
-0.00541551878099289,15.2
-0.00717677122717686,15.2333334
-0.00815524480839017,15.2666667000001
-0.00835093952463281,15.3000001
-0.00795955009214749,15.3333333
-0.00658968707844887,15.3666667
-0.00443704519977958,15.4000000000001
-0.00189301388862498,15.4333334
0.000846712138772271,15.4666667
0.00339074344992688,15.5000001000001
0.00573908004483881,15.5333333
0.0073046377747801,15.5666667
0.00867450078847873,15.6
0.00926158493720672,15.6333334000001
0.00887019550472137,15.6666667
0.00750033249102278,15.7000001
0.00573908004483881,15.7333333
0.00358643816616952,15.7666667000001
0.00104240685501492,15.8
-0.00169731917238233,15.8333334
-0.00424135048353694,15.8666667
-0.0063939923622062,15.9000001
-0.00776385537590482,15.9333333
-0.00835093952463281,15.9666667
-0.00815524480839017,16
-0.00717677122717686,16.0333334
-0.00541551878099289,16.0666667
-0.00306718218608096,16.1000001
-0.000327456158683709,16.1333333
0.00221657515247092,16.1666667
0.0047606064636255,16.2
0.00671755362605211,16.2333334
0.00828311135599341,16.2666667000001
0.00906589022096405,16.3000001
0.00906589022096405,16.3333333
0.00808741663975077,16.3666667
0.00652185890980944,16.4000000000001
0.00456491174738283,16.4333334
0.00202088043622822,16.4666667
-0.000718845591168998,16.5000001000001
-0.00326287690232363,16.5333333
-0.00561121349723556,16.5666667
-0.0073724659434195,16.6
-0.00815524480839017,16.6333334000001
-0.00835093952463281,16.6666667
-0.00756816065966218,16.7000001
-0.00619829764596355,16.7333333
-0.00384996105105159,16.7666667000001
-0.00130592973989702,16.8
0.00143379628750026,16.8333334
0.00397782759865484,16.8666667
0.00613046947732415,16.9000001
0.00769602720726542,16.9333333
0.00887019550472137,16.9666667
0.00926158493720672,17
0.00867450078847873,17.0333334
0.00710894305853743,17.0666667
0.00515199589611082,17.1000001
0.00299935401744153,17.1333333
0.000259627990044309,17.1666667
-0.00228440332111032,17.2
-0.0048284346322649,17.2333334
-0.00678538179469151,17.2666667000001
-0.00795955009214749,17.3000001
-0.00835093952463281,17.3333333
-0.00795955009214749,17.3666667
-0.00678538179469151,17.4000000000001
-0.00502412934850757,17.4333334
-0.00248009803735297,17.4666667
0.000259627990044309,17.5000001000001
0.00299935401744153,17.5333333
0.00534769061235349,17.5666667
0.00710894305853743,17.6
0.00847880607223608,17.6333334000001
0.00926158493720672,17.6666667
0.00887019550472137,17.7000001
0.00789172192350807,17.7333333
0.0063261641935668,17.7666667000001
0.00397782759865484,17.8
0.00143379628750026,17.8333334
-0.00111023502365434,17.8666667
-0.00384996105105159,17.9000001
-0.00600260292972088,17.9333333
-0.00756816065966218,17.9666667
-0.00835093952463281,18
-0.00835093952463281,18.0333334
-0.00756816065966218,18.0666667
-0.00580690821347821,18.1000001
-0.00365426633480895,18.1333333
-0.000914540307411699,18.1666667
0.00182518571998558,18.2
0.00436921703114018,18.2333334
0.0063261641935668,18.2666667000001
0.00789172192350807,18.3000001
0.00887019550472137,18.3333333
0.00906589022096405,18.3666667
0.00847880607223608,18.4000000000001
0.00691324834229476,18.4333334
0.00495630117986814,18.4666667
0.00241226986871357,18.5000001000001
-0.000131761442441036,18.5333333
-0.00267579275359564,18.5666667
-0.00521982406475024,18.6
-0.00698107651093419,18.6333334000001
-0.00795955009214749,18.6666667
-0.00835093952463281,18.7000001
-0.00795955009214749,18.7333333
-0.00658968707844887,18.7666667000001
-0.00463273991602225,18.8
-0.00208870860486765,18.8333334
0.000651017422529598,18.8666667
0.00319504873368423,18.9000001
0.00534769061235349,18.9333333
0.0073046377747801,18.9666667
0.00867450078847873,19
0.00906589022096405,19.0333334
0.00867450078847873,19.0666667
0.00750033249102278,19.1000001
0.00573908004483881,19.1333333
0.00339074344992688,19.1666667
0.000846712138772271,19.2
-0.00169731917238233,19.2333334
-0.00424135048353694,19.2666667000001
-0.00619829764596355,19.3000001
-0.00756816065966218,19.3333333
-0.00815524480839017,19.3666667
-0.00815524480839017,19.4000000000001
-0.00717677122717686,19.4333334
-0.00541551878099289,19.4666667
-0.00306718218608096,19.5000001000001
-0.000327456158683709,19.5333333
0.00221657515247092,19.5666667
0.0047606064636255,19.6
0.00652185890980944,19.6333334000001
0.00828311135599341,19.6666667
0.00906589022096405,19.7000001
0.00906589022096405,19.7333333
0.00808741663975077,19.7666667000001
0.00671755362605211,19.8
0.00456491174738283,19.8333334
0.00202088043622822,19.8666667
-0.000718845591168998,19.9000001
-0.00306718218608096,19.9333333
-0.00561121349723556,19.9666667
-0.00717677122717686,20
-0.00815524480839017,20.0333334
-0.00835093952463281,20.0666667
-0.00776385537590482,20.1000001
-0.0063939923622062,20.1333333
-0.00404565576729427,20.1666667
-0.00150162445613966,20.2
0.00104240685501492,20.2333334
0.00378213288241219,20.2666667000001
0.00593477476108145,20.3000001
0.00769602720726542,20.3333333
0.00887019550472137,20.3666667
0.00906589022096405,20.4000000000001
0.00867450078847873,20.4333334
0.00710894305853743,20.4666667
0.00554338532859613,20.5000001000001
0.00319504873368423,20.5333333
0.000455322706286954,20.5666667
-0.00208870860486765,20.6
-0.00463273991602225,20.6333334000001
-0.00658968707844887,20.6666667
-0.00795955009214749,20.7000001
-0.00835093952463281,20.7333333
-0.00795955009214749,20.7666667000001
-0.00698107651093419,20.8
-0.00502412934850757,20.8333334
-0.00267579275359564,20.8666667
6.39332738016085e-05,20.9000001
0.00260796458495621,20.9333333
0.00515199589611082,20.9666667
0.00710894305853743,21
0.00828311135599341,21.0333334
0.00906589022096405,21.0666667
0.00887019550472137,21.1000001
0.00789172192350807,21.1333333
0.00613046947732415,21.1666667
0.00397782759865484,21.2
0.00143379628750026,21.2333334
-0.00111023502365434,21.2666667000001
-0.00365426633480895,21.3000001
-0.00580690821347821,21.3333333
-0.0073724659434195,21.3666667
-0.00815524480839017,21.4000000000001
-0.00815524480839017,21.4333334
-0.0073724659434195,21.4666667
-0.00580690821347821,21.5000001000001
-0.00365426633480895,21.5333333
-0.00111023502365434,21.5666667
0.00162949100374291,21.6
0.00417352231489754,21.6333334000001
0.0063261641935668,21.6666667
0.00789172192350807,21.7000001
0.00887019550472137,21.7333333
0.00906589022096405,21.7666667000001
0.00828311135599341,21.8
0.00691324834229476,21.8333334
0.00495630117986814,21.8666667
0.00280365930119889,21.9000001
6.39332738016085e-05,21.9333333
-0.00248009803735297,21.9666667
-0.00502412934850757,22
-0.00678538179469151,22.0333334
-0.00795955009214749,22.0666667
-0.00815524480839017,22.1000001
-0.00776385537590482,22.1333333
-0.00658968707844887,22.1666667
-0.00443704519977958,22.2
-0.00208870860486765,22.2333334
0.000651017422529598,22.2666667000001
0.00319504873368423,22.3000001
0.00534769061235349,22.3333333
0.0073046377747801,22.3666667
0.00847880607223608,22.4000000000001
0.00906589022096405,22.4333334
0.00867450078847873,22.4666667
0.00750033249102278,22.5000001000001
0.00593477476108145,22.5333333
0.00358643816616952,22.5666667
0.00104240685501492,22.6
-0.00150162445613966,22.6333334000001
-0.00404565576729427,22.6666667
-0.00619829764596355,22.7000001
-0.00756816065966218,22.7333333
-0.00815524480839017,22.7666667000001
-0.00815524480839017,22.8
-0.00717677122717686,22.8333334
-0.00561121349723556,22.8666667
-0.00306718218608096,22.9000001
-0.000523150874926354,22.9333333
0.00202088043622822,22.9666667
0.00456491174738283,23
0.00652185890980944,23.0333334
0.00808741663975077,23.0666667
0.00887019550472137,23.1000001
0.00906589022096405,23.1333333
0.00828311135599341,23.1666667
0.00671755362605211,23.2
0.0047606064636255,23.2333334
0.00221657515247092,23.2666667000001
-0.000327456158683709,23.2999667
-0.00306718218608096,23.3333333
-0.00541551878099289,23.3666334
-0.00698107651093419,23.3999667
-0.00795955009214749,23.4333001
-0.00815524480839017,23.4666333
-0.00776385537590482,23.4999667
-0.0063939923622062,23.5333
-0.00424135048353694,23.5666334
-0.00189301388862498,23.5999667
0.000846712138772271,23.6333001
0.00339074344992688,23.6666333
0.00573908004483881,23.6999667
0.00750033249102278,23.7333
0.00867450078847873,23.7666334
0.00906589022096405,23.7999667
0.00847880607223608,23.8333001000001
0.0073046377747801,23.8666333
0.00554338532859613,23.8999667
0.00339074344992688,23.9333
0.000651017422529598,23.9666334000001
-0.00189301388862498,23.9999667
-0.00443704519977958,24.0333001
-0.00658968707844887,24.0666333
-0.00776385537590482,24.0999667
-0.00815524480839017,24.1333
-0.00795955009214749,24.1666334
-0.00698107651093419,24.1999667
-0.00502412934850757,24.2333001
-0.00267579275359564,24.2666333000001
-0.000131761442441036,24.2999667
0.00241226986871357,24.3333000000001
0.0047606064636255,24.3666334
0.00671755362605211,24.3999667
0.00808741663975077,24.4333001
0.00887019550472137,24.4666333
0.00887019550472137,24.4999667
0.00789172192350807,24.5333
0.00613046947732415,24.5666334
0.00397782759865484,24.5999667
0.00182518571998558,24.6333001
-0.000914540307411699,24.6666333
-0.00326287690232363,24.6999667
-0.00580690821347821,24.7333
-0.0073724659434195,24.7666334
-0.00795955009214749,24.7999667
-0.00815524480839017,24.8333001000001
-0.0073724659434195,24.8666333
-0.00600260292972088,24.8999667
-0.00384996105105159,24.9333
-0.00130592973989702,24.9666334000001
0.00123810157125762,24.9999667
0.00378213288241219,25.0333001
0.00593477476108145,25.0666333
0.00769602720726542,25.0999667
0.00867450078847873,25.1333
0.00906589022096405,25.1666334
0.00847880607223608,25.1999667
0.00710894305853743,25.2333001
0.00515199589611082,25.2666333000001
0.00260796458495621,25.2999667
6.39332738016085e-05,25.3333000000001
-0.00248009803735297,25.3666334
-0.00502412934850757,25.3999667
-0.00678538179469151,25.4333001
-0.00776385537590482,25.4666333
-0.00815524480839017,25.4999667
-0.00776385537590482,25.5333
-0.00658968707844887,25.5666334
-0.0048284346322649,25.5999667
-0.00228440332111032,25.6333001
0.000455322706286954,25.6666333
0.00299935401744153,25.6999667
0.00534769061235349,25.7333
0.00710894305853743,25.7666334
0.00847880607223608,25.7999667
0.00906589022096405,25.8333001000001
0.00867450078847873,25.8666333
0.00769602720726542,25.8999667
0.00593477476108145,25.9333
0.00358643816616952,25.9666334000001
0.00104240685501492,25.9999667
-0.00150162445613966,26.0333001
-0.00384996105105159,26.0666333
-0.00600260292972088,26.0999667
-0.00756816065966218,26.1333
-0.00815524480839017,26.1666334
-0.00815524480839017,26.1999667
-0.00717677122717686,26.2333001
-0.00580690821347821,26.2666333000001
-0.00345857161856628,26.2999667
-0.000718845591168998,26.3333000000001
0.00162949100374291,26.3666334
0.00436921703114018,26.3999667
0.0063261641935668,26.4333001
0.00789172192350807,26.4666333
0.00887019550472137,26.4999667
0.00887019550472137,26.5333
0.00808741663975077,26.5666334
0.00652185890980944,26.5999667
0.0047606064636255,26.6333001
0.00241226986871357,26.6666333
-0.000131761442441036,26.6999667
-0.00267579275359564,26.7333
-0.00521982406475024,26.7666334
-0.00698107651093419,26.7999667
-0.00795955009214749,26.8333001000001
-0.00815524480839017,26.8666333
-0.00756816065966218,26.8999667
-0.0063939923622062,26.9333
-0.00424135048353694,26.9666334000001
-0.00189301388862498,26.9999667
0.000846712138772271,27.0333001
0.00339074344992688,27.0666333
0.00573908004483881,27.0999667
0.0073046377747801,27.1333
0.00847880607223608,27.1666334
0.00906589022096405,27.1999667
0.00847880607223608,27.2333001
0.0073046377747801,27.2666333000001
0.00554338532859613,27.2999667
0.00319504873368423,27.3333000000001
0.000846712138772271,27.3666334
-0.00169731917238233,27.3999667
-0.00443704519977958,27.4333001
-0.00619829764596355,27.4666333
-0.00756816065966218,27.4999667
-0.00815524480839017,27.5333
-0.00795955009214749,27.5666334
-0.00698107651093419,27.5999667
-0.00521982406475024,27.6333001
-0.00267579275359564,27.6666333
-0.000131761442441036,27.6999667
0.00241226986871357,27.7333
0.0047606064636255,27.7666334
0.00671755362605211,27.7999667
0.00808741663975077,27.8333001000001
0.00887019550472137,27.8666333
0.00887019550472137,27.8999667
0.00789172192350807,27.9333
0.0063261641935668,27.9666334000001
0.00436921703114018,27.9999667
0.00202088043622822,28.0333001
-0.000914540307411699,28.0666333
-0.00306718218608096,28.0999667
-0.00580690821347821,28.1333
-0.00717677122717686,28.1666334
-0.00795955009214749,28.1999667
-0.00815524480839017,28.2333001
-0.0073724659434195,28.2666333000001
-0.00600260292972088,28.2999667
-0.00404565576729427,28.3333000000001
-0.00150162445613966,28.3666334
0.00123810157125762,28.3999667
0.00397782759865484,28.4333001
0.00593477476108145,28.4666333
0.00769602720726542,28.4999667
0.00867450078847873,28.5333
0.00887019550472137,28.5666334
0.00847880607223608,28.5999667
0.00710894305853743,28.6333001
0.00515199589611082,28.6666333
0.00280365930119889,28.6999667
0.000259627990044309,28.7333
-0.00228440332111032,28.7666334
-0.00463273991602225,28.7999667
-0.00658968707844887,28.8333001000001
-0.00776385537590482,28.8666333
-0.00815524480839017,28.8999667
-0.00776385537590482,28.9333
-0.00678538179469151,28.9666334000001
-0.0048284346322649,28.9999667
-0.00248009803735297,29.0333001
6.39332738016085e-05,29.0666333
0.00260796458495621,29.0999667
0.00515199589611082,29.1333
0.00691324834229476,29.1666334
0.00828311135599341,29.1999667
0.00887019550472137,29.2333001
0.00867450078847873,29.2666333000001
0.00769602720726542,29.2999667
0.00593477476108145,29.3333000000001
0.00378213288241219,29.3666334
0.00123810157125762,29.3999667
-0.00130592973989702,29.4333001
-0.00365426633480895,29.4666333
-0.00600260292972088,29.4999667
-0.0073724659434195,29.5333
-0.00795955009214749,29.5666334
-0.00795955009214749,29.5999667
-0.00717677122717686,29.6333001
-0.00561121349723556,29.6666333
-0.00345857161856628,29.6999667
-0.000914540307411699,29.7333
0.00162949100374291,29.7666334
0.00417352231489754,29.7999667
0.00613046947732415,29.8333001000001
0.00789172192350807,29.8666333
0.00867450078847873,29.8999667
0.00887019550472137,29.9333
0.00808741663975077,29.9666334000001
0.00671755362605211,29.9999667
0.0047606064636255,30.0333001
0.00241226986871357,30.0666333
-0.000131761442441036,30.0999667
-0.00267579275359564,30.1333
-0.00502412934850757,30.1666334
-0.00678538179469151,30.1999667
-0.00776385537590482,30.2333001
-0.00795955009214749,30.2666333000001
-0.00756816065966218,30.2999667
-0.0063939923622062,30.3333000000001
-0.00443704519977958,30.3666334
-0.00189301388862498,30.3999667
0.000651017422529598,30.4333001
0.00319504873368423,30.4666333
0.00554338532859613,30.4999667
0.0073046377747801,30.5333
0.00847880607223608,30.5666334
0.00887019550472137,30.5999667
0.00847880607223608,30.6333001
0.0073046377747801,30.6666333
0.00573908004483881,30.6999667
0.00339074344992688,30.7333
0.000846712138772271,30.7666334
-0.00169731917238233,30.7999667
-0.00424135048353694,30.8333001000001
-0.00619829764596355,30.8666333
-0.00756816065966218,30.8999667
-0.00795955009214749,30.9333
-0.00795955009214749,30.9666334000001
-0.00698107651093419,30.9999667
-0.00541551878099289,31.0333001
-0.00287148746983829,31.0666333
-0.000327456158683709,31.0999667
0.00221657515247092,31.1333
0.00456491174738283,31.1666334
0.00652185890980944,31.1999667
0.00808741663975077,31.2333001
0.00887019550472137,31.2666333000001
0.00887019550472137,31.2999667
0.00789172192350807,31.3333000000001
0.00652185890980944,31.3666334
0.00436921703114018,31.3999667
0.00202088043622822,31.4333001
-0.000523150874926354,31.4666333
-0.00306718218608096,31.4999667
-0.00541551878099289,31.5333
-0.00717677122717686,31.5666334
-0.00795955009214749,31.5999667
-0.00795955009214749,31.6333001
-0.0073724659434195,31.6666333
-0.00619829764596355,31.6999667
-0.00404565576729427,31.7333
-0.00169731917238233,31.7666334
0.000846712138772271,31.7999667
0.00358643816616952,31.8333001000001
0.00573908004483881,31.8666333
0.0073046377747801,31.8999667
0.00847880607223608,31.9333
0.00887019550472137,31.9666334000001
0.00828311135599341,31.9999667
0.00710894305853743,32.0333001
0.00515199589611082,32.0666333
0.00299935401744153,32.0999667
0.000455322706286954,32.1333
-0.00208870860486765,32.1666334
-0.00443704519977958,32.1999667
-0.0063939923622062,32.2333001
-0.00756816065966218,32.2666333000001
-0.00795955009214749,32.2999667
-0.00776385537590482,32.3333000000001
-0.00658968707844887,32.3666334
-0.0048284346322649,32.3999667
-0.00248009803735297,32.4333001
-0.000131761442441036,32.4666333
0.00260796458495621,32.4999667
0.0047606064636255,32.5333
0.00671755362605211,32.5666334
0.00808741663975077,32.5999667
0.00887019550472137,32.6333001
0.00867450078847873,32.6666333
0.00769602720726542,32.6999667
0.00613046947732415,32.7333
0.00397782759865484,32.7666334
0.00162949100374291,32.7999667
-0.00111023502365434,32.8333001000001
-0.00345857161856628,32.8666333
-0.00561121349723556,32.8999667
-0.00717677122717686,32.9333
-0.00795955009214749,32.9666334000001
-0.00795955009214749,32.9999667
-0.00717677122717686,33.0333001
-0.00580690821347821,33.0666333
-0.00345857161856628,33.0999667
-0.00111023502365434,33.1333
0.00162949100374291,33.1666334
0.00397782759865484,33.1999667
0.00613046947732415,33.2333001
0.00769602720726542,33.2666333000001
0.00867450078847873,33.2999667
0.00887019550472137,33.3333000000001
0.00808741663975077,33.3666334
0.00671755362605211,33.3999667
0.0047606064636255,33.4333001
0.00241226986871357,33.4666333
-0.000327456158683709,33.4999667
-0.00267579275359564,33.5333
-0.00502412934850757,33.5666334
-0.00678538179469151,33.5999667
-0.00776385537590482,33.6333001
-0.00795955009214749,33.6666333
-0.00756816065966218,33.6999667
-0.0063939923622062,33.7333
-0.00463273991602225,33.7666334
-0.00208870860486765,33.7999667
0.000455322706286954,33.8333001000001
0.00299935401744153,33.8666333
0.00534769061235349,33.8999667
0.00710894305853743,33.9333
0.00828311135599341,33.9666334000001
0.00887019550472137,33.9999667
0.00847880607223608,34.0333001
0.0073046377747801,34.0666333
0.00554338532859613,34.0999667
0.00358643816616952,34.1333
0.00104240685501492,34.1666334
-0.00150162445613966,34.1999667
-0.00384996105105159,34.2333001
-0.00600260292972088,34.2666333000001
-0.0073724659434195,34.2999667
-0.00795955009214749,34.3333000000001
-0.00795955009214749,34.3666334
-0.00698107651093419,34.3999667
-0.00541551878099289,34.4333001
-0.00306718218608096,34.4666333
-0.000523150874926354,34.4999667
0.00182518571998558,34.5333
0.00436921703114018,34.5666334
0.0063261641935668,34.5999667
0.00789172192350807,34.6333001
0.00867450078847873,34.6666333
0.00867450078847873,34.6999667
0.00789172192350807,34.7333
0.00652185890980944,34.7666334
0.00456491174738283,34.7999667
0.00221657515247092,34.8333001000001
-0.000327456158683709,34.8666333
-0.00287148746983829,34.8999667
-0.00521982406475024,34.9333
-0.00678538179469151,34.9666334000001
-0.00776385537590482,34.9999667
-0.00795955009214749,35.0333001
-0.0073724659434195,35.0666333
-0.00600260292972088,35.0999667
-0.00404565576729427,35.1333
-0.00150162445613966,35.1666334
0.000846712138772271,35.1999667
0.00358643816616952,35.2333001
0.00554338532859613,35.2666333000001
0.0073046377747801,35.2999667
0.00847880607223608,35.3333000000001
0.00887019550472137,35.3666334
0.00828311135599341,35.3999667
0.00691324834229476,35.4333001
0.00515199589611082,35.4666333
0.00299935401744153,35.4999667
0.000651017422529598,35.5333
-0.00189301388862498,35.5666334
-0.00443704519977958,35.5999667
-0.0063939923622062,35.6333001
-0.00756816065966218,35.6666333
-0.00795955009214749,35.6999667
-0.00776385537590482,35.7333
-0.00678538179469151,35.7666334
-0.00502412934850757,35.7999667
-0.00267579275359564,35.8333001000001
-0.000131761442441036,35.8666333
0.00241226986871357,35.8999667
0.0047606064636255,35.9333
0.00652185890980944,35.9666334000001
0.00808741663975077,35.9999667
0.00887019550472137,36.0333001
0.00867450078847873,36.0666333
0.00769602720726542,36.0999667
0.00613046947732415,36.1333
0.00397782759865484,36.1666334
0.00162949100374291,36.1999667
-0.00111023502365434,36.2333001
-0.00345857161856628,36.2666333000001
-0.00561121349723556,36.2999667
-0.00717677122717686,36.3333000000001
-0.00795955009214749,36.3666334
-0.00795955009214749,36.3999667
-0.00717677122717686,36.4333001
-0.00580690821347821,36.4666333
-0.00384996105105159,36.4999667
-0.00130592973989702,36.5333
0.00123810157125762,36.5666334
0.00397782759865484,36.5999667
0.00593477476108145,36.6333001
0.00750033249102278,36.6666333
0.00847880607223608,36.6999667
0.00887019550472137,36.7333
0.00808741663975077,36.7666334
0.00671755362605211,36.7999667
0.00495630117986814,36.8333001000001
0.00280365930119889,36.8666333
0.000259627990044309,36.8999667
-0.00228440332111032,36.9333
-0.00463273991602225,36.9666334000001
-0.00658968707844887,36.9999667
-0.00756816065966218,37.0333001
-0.00795955009214749,37.0666333
-0.00756816065966218,37.0999667
-0.0063939923622062,37.1333
-0.00463273991602225,37.1666334
-0.00208870860486765,37.1999667
0.000455322706286954,37.2333001
0.00299935401744153,37.2666333000001
0.00495630117986814,37.2999667
0.00691324834229476,37.3333000000001
0.00828311135599341,37.3666334
0.00887019550472137,37.3999667
0.00847880607223608,37.4333001
0.0073046377747801,37.4666333
0.00573908004483881,37.4999667
0.00378213288241219,37.5333
0.00123810157125762,37.5666334
-0.00130592973989702,37.5999667
-0.00384996105105159,37.6333001
-0.00580690821347821,37.6666333
-0.00717677122717686,37.6999667
-0.00776385537590482,37.7333
-0.00776385537590482,37.7666334
-0.00698107651093419,37.7999667
-0.00541551878099289,37.8333001000001
-0.00326287690232363,37.8666333
-0.000914540307411699,37.8999667
0.00182518571998558,37.9333
0.00417352231489754,37.9666334000001
0.0063261641935668,37.9999667
0.00769602720726542,38.0333001
0.00867450078847873,38.0666333
0.00867450078847873,38.0999667
0.00789172192350807,38.1333
0.00652185890980944,38.1666334
0.00436921703114018,38.1999667
0.00202088043622822,38.2333001
-0.000523150874926354,38.2666333000001
-0.00287148746983829,38.2999667
-0.00502412934850757,38.3333000000001
-0.00678538179469151,38.3666334
-0.00776385537590482,38.3999667
-0.00776385537590482,38.4333001
-0.0073724659434195,38.4666333
-0.00619829764596355,38.4999667
-0.00404565576729427,38.5333
-0.00169731917238233,38.5666334
0.000651017422529598,38.5999667
0.00319504873368423,38.6333001
0.00554338532859613,38.6666333
0.0073046377747801,38.6999667
0.00828311135599341,38.7333
0.00887019550472137,38.7666334
0.00828311135599341,38.7999667
0.00710894305853743,38.8333001000001
0.00534769061235349,38.8666333
0.00319504873368423,38.8999667
0.000651017422529598,38.9333
-0.00189301388862498,38.9666334000001
-0.00424135048353694,38.9999667
-0.00619829764596355,39.0333001
-0.0073724659434195,39.0666333
-0.00795955009214749,39.0999667
-0.00776385537590482,39.1333
-0.00678538179469151,39.1666334
-0.00502412934850757,39.1999667
-0.00287148746983829,39.2333001
-0.000327456158683709,39.2666333000001
0.00221657515247092,39.2999667
0.00456491174738283,39.3333000000001
0.00652185890980944,39.3666334
0.00789172192350807,39.3999667
0.00867450078847873,39.4333001
0.00867450078847873,39.4666333
0.00769602720726542,39.4999667
0.00613046947732415,39.5333
0.00397782759865484,39.5666334
0.00162949100374291,39.5999667
-0.000523150874926354,39.6333001
-0.00306718218608096,39.6666333
-0.00541551878099289,39.6999667
-0.00698107651093419,39.7333
-0.00776385537590482,39.7666334
-0.00776385537590482,39.7999667
-0.00717677122717686,39.8333001000001
-0.00580690821347821,39.8666333
-0.00384996105105159,39.8999667
-0.00130592973989702,39.9333
0.00123810157125762,39.9666334000001
0.00358643816616952,39.9999667
0.00573908004483881,40.0333001
0.0073046377747801,40.0666333
0.00847880607223608,40.0999667
0.00867450078847873,40.1333
0.00808741663975077,40.1666334
0.00671755362605211,40.1999667
0.00515199589611082,40.2333001
0.00280365930119889,40.2666333000001
0.000259627990044309,40.2999667
-0.00208870860486765,40.3333000000001
-0.00463273991602225,40.3666334
-0.0063939923622062,40.3999667
-0.00756816065966218,40.4333001
-0.00776385537590482,40.4666333
-0.00756816065966218,40.4999667
-0.0063939923622062,40.5333
-0.00463273991602225,40.5666334
-0.00228440332111032,40.5999667
0.000259627990044309,40.6333001
0.00280365930119889,40.6666333
0.00495630117986814,40.6999667
0.00671755362605211,40.7333
0.00808741663975077,40.7666334
0.00867450078847873,40.7999667
0.00847880607223608,40.8333001000001
0.0073046377747801,40.8666333
0.00593477476108145,40.8999667
0.00378213288241219,40.9333
0.00123810157125762,40.9666334000001
-0.00130592973989702,40.9999667
-0.00384996105105159,41.0333001
-0.00580690821347821,41.0666333
-0.00717677122717686,41.0999667
-0.00776385537590482,41.1333
-0.00776385537590482,41.1666334
-0.00698107651093419,41.1999667
-0.00541551878099289,41.2333001
-0.00326287690232363,41.2666333000001
-0.000914540307411699,41.2999667
0.00162949100374291,41.3333000000001
0.00417352231489754,41.3666334
0.00613046947732415,41.3999667
0.00769602720726542,41.4333001
0.00847880607223608,41.4666333
0.00867450078847873,41.4999667
0.00789172192350807,41.5333
0.00652185890980944,41.5666334
0.00456491174738283,41.5999667
0.00241226986871357,41.6333001
-0.000131761442441036,41.6666333
-0.00267579275359564,41.6999667
-0.00502412934850757,41.7333
-0.00678538179469151,41.7666334
-0.00776385537590482,41.7999667
-0.00795955009214749,41.8333001000001
-0.0073724659434195,41.8666333
-0.00619829764596355,41.8999667
-0.00424135048353694,41.9333
-0.00189301388862498,41.9666334000001
0.000651017422529598,41.9999667
0.00319504873368423,42.0333001
0.00534769061235349,42.0666333
0.00710894305853743,42.0999667
0.00828311135599341,42.1333
0.00867450078847873,42.1666334
0.00828311135599341,42.1999667
0.00710894305853743,42.2333001
0.00534769061235349,42.2666333000001
0.00339074344992688,42.2999667
0.000651017422529598,42.3333000000001
-0.00169731917238233,42.3666334
-0.00404565576729427,42.3999667
-0.00619829764596355,42.4333001
-0.0073724659434195,42.4666333
-0.00776385537590482,42.4999667
-0.00776385537590482,42.5333
-0.00678538179469151,42.5666334
-0.00502412934850757,42.5999667
-0.00267579275359564,42.6333001
-0.000327456158683709,42.6666333
0.00221657515247092,42.6999667
0.00436921703114018,42.7333
0.0063261641935668,42.7666334
0.00789172192350807,42.7999667
0.00847880607223608,42.8333001000001
0.00847880607223608,42.8666333
0.00769602720726542,42.8999667
0.00613046947732415,42.9333
0.00397782759865484,42.9666334000001
0.00202088043622822,42.9999667
-0.000523150874926354,43.0333001
-0.00287148746983829,43.0666333
-0.00521982406475024,43.0999667
-0.00678538179469151,43.1333
-0.00756816065966218,43.1666334
-0.00776385537590482,43.1999667
-0.00717677122717686,43.2333001
-0.00580690821347821,43.2666333000001
-0.00384996105105159,43.2999667
-0.00130592973989702,43.3333000000001
0.00123810157125762,43.3666334
0.00358643816616952,43.3999667
0.00573908004483881,43.4333001
0.0073046377747801,43.4666333
0.00828311135599341,43.4999667
0.00867450078847873,43.5333
0.00808741663975077,43.5666334
0.00671755362605211,43.5999667
0.00495630117986814,43.6333001
0.00280365930119889,43.6666333
0.000259627990044309,43.6999667
-0.00228440332111032,43.7333
-0.00443704519977958,43.7666334
-0.00619829764596355,43.7999667
-0.0073724659434195,43.8333001000001
-0.00776385537590482,43.8666333
-0.00756816065966218,43.8999667
-0.0063939923622062,43.9333
-0.00463273991602225,43.9666334000001
-0.00228440332111032,43.9999667
0.000259627990044309,44.0333001
0.00280365930119889,44.0666333
0.0047606064636255,44.0999667
0.00671755362605211,44.1333
0.00808741663975077,44.1666334
0.00867450078847873,44.1999667
0.00847880607223608,44.2333001
0.00750033249102278,44.2666333000001
0.00593477476108145,44.2999667
0.00378213288241219,44.3333000000001
0.00143379628750026,44.3666334
-0.00111023502365434,44.3999667
-0.00345857161856628,44.4333001
-0.00561121349723556,44.4666333
-0.00717677122717686,44.4999667
-0.00776385537590482,44.5333
-0.00776385537590482,44.5666334
-0.00698107651093419,44.5999667
-0.00561121349723556,44.6333001
-0.00345857161856628,44.6666333
-0.00111023502365434,44.6999667
0.00162949100374291,44.7333
0.00397782759865484,44.7666334
0.00593477476108145,44.7999667
0.00750033249102278,44.8333001000001
0.00847880607223608,44.8666333
0.00867450078847873,44.8999667
0.00789172192350807,44.9333
0.00652185890980944,44.9666334000001
0.0047606064636255,44.9999667
0.00241226986871357,45.0333001
-0.000131761442441036,45.0666333
-0.00267579275359564,45.0999667
-0.0048284346322649,45.1333
-0.00658968707844887,45.1666334
-0.00756816065966218,45.1999667
-0.00776385537590482,45.2333001
-0.0073724659434195,45.2666333000001
-0.00619829764596355,45.2999667
-0.00443704519977958,45.3333000000001
-0.00208870860486765,45.3666334
0.000455322706286954,45.3999667
0.00299935401744153,45.4333001
0.00515199589611082,45.4666333
0.00691324834229476,45.4999667
0.00808741663975077,45.5333
0.00867450078847873,45.5666334
0.00828311135599341,45.5999667
0.00710894305853743,45.6333001
0.00534769061235349,45.6666333
0.00339074344992688,45.6999667
0.000846712138772271,45.7333
-0.00150162445613966,45.7666334
-0.00404565576729427,45.7999667
-0.00600260292972088,45.8333001000001
-0.00717677122717686,45.8666333
-0.00776385537590482,45.8999667
-0.00756816065966218,45.9333
-0.00678538179469151,45.9666334000001
-0.00521982406475024,45.9999667
-0.00287148746983829,46.0333001
-0.000523150874926354,46.0666333
0.00202088043622822,46.0999667
0.00436921703114018,46.1333
0.0063261641935668,46.1666334
0.00769602720726542,46.1999667
0.00847880607223608,46.2333001
0.00847880607223608,46.2666333000001
0.00769602720726542,46.2999667
0.00613046947732415,46.3333000000001
0.00436921703114018,46.3666334
0.00202088043622822,46.3999667
-0.000523150874926354,46.4333001
-0.00287148746983829,46.4666333
-0.00521982406475024,46.4999667
-0.00678538179469151,46.5333
-0.00756816065966218,46.5666334
-0.00776385537590482,46.5999667
-0.00717677122717686,46.6333001
-0.00580690821347821,46.6666333
-0.00384996105105159,46.6999667
-0.00150162445613966,46.7333
0.000846712138772271,46.7666334
0.00339074344992688,46.7999667
0.00554338532859613,46.8333001000001
0.0073046377747801,46.8666333
0.00828311135599341,46.8999667
0.00867450078847873,46.9333
0.00808741663975077,46.9666334000001
0.00691324834229476,46.9999667
0.00515199589611082,47.0333001
0.00280365930119889,47.0666333
0.000455322706286954,47.0999667
-0.00208870860486765,47.1333
-0.00443704519977958,47.1666334
-0.00619829764596355,47.1999667
-0.0073724659434195,47.2333001
-0.00776385537590482,47.2666333000001
-0.00756816065966218,47.2999667
-0.00658968707844887,47.3333000000001
-0.00463273991602225,47.3666334
-0.00248009803735297,47.3999667
-0.000131761442441036,47.4333001
0.00241226986871357,47.4666333
0.0047606064636255,47.4999667
0.00652185890980944,47.5333
0.00789172192350807,47.5666334
0.00847880607223608,47.5999667
0.00847880607223608,47.6333001
0.00750033249102278,47.6666333
0.00593477476108145,47.6999667
0.00378213288241219,47.7333
0.00143379628750026,47.7666334
-0.00111023502365434,47.7999667
-0.00326287690232363,47.8333001000001
-0.00541551878099289,47.8666333
-0.00698107651093419,47.8999667
-0.00776385537590482,47.9333
-0.00776385537590482,47.9666334000001
-0.00698107651093419,47.9999667
-0.00561121349723556,48.0333001
-0.00345857161856628,48.0666333
-0.00111023502365434,48.0999667
0.00143379628750026,48.1333
0.00378213288241219,48.1666334
0.00593477476108145,48.1999667
0.0073046377747801,48.2333001
0.00828311135599341,48.2666333000001
0.00847880607223608,48.2999667
0.00789172192350807,48.3333000000001
0.00652185890980944,48.3666334
0.0047606064636255,48.3999667
0.00241226986871357,48.4333001
6.39332738016085e-05,48.4666333
-0.00228440332111032,48.4999667
-0.00463273991602225,48.5333
-0.0063939923622062,48.5666334
-0.0073724659434195,48.5999667
-0.00776385537590482,48.6333001
-0.0073724659434195,48.6666333
-0.00619829764596355,48.6999667
-0.00424135048353694,48.7333
-0.00208870860486765,48.7666334
0.000455322706286954,48.7999667
0.00280365930119889,48.8333001000001
0.00495630117986814,48.8666333
0.00671755362605211,48.8999667
0.00808741663975077,48.9333
0.00847880607223608,48.9666334000001
0.00828311135599341,48.9999667
0.00710894305853743,49.0333001
0.00554338532859613,49.0666333
0.00339074344992688,49.0999667
0.00104240685501492,49.1333
-0.00150162445613966,49.1666334
-0.00365426633480895,49.1999667
-0.00600260292972088,49.2333001
-0.00717677122717686,49.2666333000001
-0.00756816065966218,49.2999667
-0.00756816065966218,49.3333000000001
-0.00678538179469151,49.3666334
-0.00521982406475024,49.3999667
-0.00306718218608096,49.4333001
-0.000523150874926354,49.4666333
0.00162949100374291,49.4999667
0.00417352231489754,49.5333
0.00613046947732415,49.5666334
0.00769602720726542,49.5999667
0.00847880607223608,49.6333001
0.00847880607223608,49.6666333
0.00769602720726542,49.6999667
0.0063261641935668,49.7333
0.00436921703114018,49.7666334
0.00221657515247092,49.7999667
-0.000327456158683709,49.8333001000001
-0.00267579275359564,49.8666333
-0.00502412934850757,49.8999667
-0.00678538179469151,49.9333
-0.00756816065966218,49.9666334000001
-0.00776385537590482,49.9999667
-0.00717677122717686,50.0333001
-0.00580690821347821,50.0666333
-0.00404565576729427,50.0999667
-0.00169731917238233,50.1333
0.000651017422529598,50.1666334
0.00319504873368423,50.1999667
0.00534769061235349,50.2333001
0.00710894305853743,50.2666333000001
0.00808741663975077,50.2999667
0.00847880607223608,50.3333000000001
0.00808741663975077,50.3666334
0.00691324834229476,50.3999667
0.00515199589611082,50.4333001
0.00299935401744153,50.4666333
0.000651017422529598,50.4999667
-0.00169731917238233,50.5333
-0.00404565576729427,50.5666334
-0.00600260292972088,50.5999667
-0.00717677122717686,50.6333001
-0.00776385537590482,50.6666333
-0.0073724659434195,50.6999667
-0.00658968707844887,50.7333
-0.0048284346322649,50.7666334
-0.00267579275359564,50.7999667
-0.000327456158683709,50.8333001000001
0.00221657515247092,50.8666333
0.00456491174738283,50.8999667
0.0063261641935668,50.9333
0.00769602720726542,50.9666334000001
0.00847880607223608,50.9999667
0.00828311135599341,51.0333001
0.00750033249102278,51.0666333
0.00593477476108145,51.0999667
0.00397782759865484,51.1333
0.00162949100374291,51.1666334
-0.000914540307411699,51.1999667
-0.00326287690232363,51.2333001
-0.00521982406475024,51.2666333000001
-0.00678538179469151,51.2999667
-0.00756816065966218,51.3333000000001
-0.00756816065966218,51.3666334
-0.00698107651093419,51.3999667
-0.00561121349723556,51.4333001
-0.00365426633480895,51.4666333
-0.00111023502365434,51.4999667
0.00123810157125762,51.5333
0.00358643816616952,51.5666334
0.00573908004483881,51.5999667
0.0073046377747801,51.6333001
0.00828311135599341,51.6666333
0.00847880607223608,51.6999667
0.00789172192350807,51.7333
0.00652185890980944,51.7666334
0.0047606064636255,51.7999667
0.00260796458495621,51.8333001000001
6.39332738016085e-05,51.8666333
-0.00228440332111032,51.8999667
-0.00463273991602225,51.9333
-0.0063939923622062,51.9666334000001
-0.0073724659434195,51.9999667
-0.00756816065966218,52.0333001
-0.0073724659434195,52.0666333
-0.00619829764596355,52.0999667
-0.00443704519977958,52.1333
-0.00208870860486765,52.1666334
0.000259627990044309,52.1999667
0.00280365930119889,52.2333001
0.0047606064636255,52.2666333000001
0.00671755362605211,52.2999667
0.00789172192350807,52.3333000000001
0.00847880607223608,52.3666334
0.00828311135599341,52.3999667
0.00710894305853743,52.4333001
0.00554338532859613,52.4666333
0.00358643816616952,52.4999667
0.00123810157125762,52.5333
-0.00130592973989702,52.5666334
-0.00365426633480895,52.5999667
-0.00580690821347821,52.6333001
-0.00698107651093419,52.6666333
-0.00756816065966218,52.6999667
-0.00756816065966218,52.7333
-0.00678538179469151,52.7666334
-0.00541551878099289,52.7999667
-0.00326287690232363,52.8333001000001
-0.000718845591168998,52.8666333
0.00162949100374291,52.8999667
0.00397782759865484,52.9333
0.00613046947732415,52.9666334000001
0.00750033249102278,52.9999667
0.00828311135599341,53.0333001
0.00847880607223608,53.0666333
0.00769602720726542,53.0999667
0.0063261641935668,53.1333
0.00456491174738283,53.1666334
0.00202088043622822,53.1999667
-0.000327456158683709,53.2333001
-0.00267579275359564,53.2666333000001
-0.0048284346322649,53.2999667
-0.00658968707844887,53.3333000000001
-0.0073724659434195,53.3666334
-0.00756816065966218,53.3999667
-0.00717677122717686,53.4333001
-0.00600260292972088,53.4666333
-0.00404565576729427,53.4999667
-0.00189301388862498,53.5333
0.000651017422529598,53.5666334
0.00299935401744153,53.5999667
0.00515199589611082,53.6333001
0.00691324834229476,53.6666333
0.00808741663975077,53.6999667
0.00847880607223608,53.7333
0.00808741663975077,53.7666334
0.00691324834229476,53.7999667
0.00515199589611082,53.8333001000001
0.00319504873368423,53.8666333
0.000846712138772271,53.8999667
-0.00169731917238233,53.9333
-0.00384996105105159,53.9666334000001
-0.00580690821347821,53.9999667
-0.00717677122717686,54.0333001
-0.00756816065966218,54.0666333
-0.0073724659434195,54.0999667
-0.00658968707844887,54.1333
-0.0048284346322649,54.1666334
-0.00267579275359564,54.1999667
-0.000327456158683709,54.2333001
0.00202088043622822,54.2666333000001
0.00436921703114018,54.2999667
0.0063261641935668,54.3333000000001
0.00769602720726542,54.3666334
0.00828311135599341,54.3999667
0.00828311135599341,54.4333001
0.00750033249102278,54.4666333
0.00593477476108145,54.4999667
0.00397782759865484,54.5333
0.00162949100374291,54.5666334
-0.000718845591168998,54.5999667
-0.00306718218608096,54.6333001
-0.00521982406475024,54.6666333
-0.00678538179469151,54.6999667
-0.0073724659434195,54.7333
-0.00756816065966218,54.7666334
-0.00698107651093419,54.7999667
-0.00561121349723556,54.8333001000001
-0.00365426633480895,54.8666333
-0.00130592973989702,54.8999667
0.00104240685501492,54.9333
0.00358643816616952,54.9666334000001
0.00554338532859613,54.9999667
0.00710894305853743,55.0333001
0.00808741663975077,55.0666333
0.00847880607223608,55.0999667
0.00789172192350807,55.1333
0.00671755362605211,55.1666334
0.00495630117986814,55.1999667
0.00280365930119889,55.2333001
0.000259627990044309,55.2666333000001
-0.00208870860486765,55.2999667
-0.00443704519977958,55.3333000000001
-0.00619829764596355,55.3666334
-0.0073724659434195,55.3999667
-0.00756816065966218,55.4333001
-0.0073724659434195,55.4666333
-0.00619829764596355,55.4999667
-0.00463273991602225,55.5333
-0.00248009803735297,55.5666334
6.39332738016085e-05,55.5999667
0.00260796458495621,55.6333001
0.0047606064636255,55.6666333
0.00652185890980944,55.6999667
0.00789172192350807,55.7333
0.00847880607223608,55.7666334
0.00828311135599341,55.7999667
0.00710894305853743,55.8333001000001
0.00573908004483881,55.8666333
0.00378213288241219,55.8999667
0.00143379628750026,55.9333
-0.00111023502365434,55.9666334000001
-0.00345857161856628,55.9999667
-0.00541551878099289,56.0333001
-0.00678538179469151,56.0666333
-0.00756816065966218,56.0999667
-0.0073724659434195,56.1333
-0.00678538179469151,56.1666334
-0.00541551878099289,56.1999667
-0.00326287690232363,56.2333001
-0.000914540307411699,56.2666333000001
0.00143379628750026,56.2999667
0.00378213288241219,56.3333000000001
0.00573908004483881,56.3666334
0.0073046377747801,56.3999667
0.00828311135599341,56.4333001
0.00828311135599341,56.4666333
0.00769602720726542,56.4999667
0.0063261641935668,56.5333
0.00436921703114018,56.5666334
0.00221657515247092,56.5999667
-0.000131761442441036,56.6332667
-0.00248009803735297,56.6666333
-0.00463273991602225,56.6999334
-0.0063939923622062,56.7332667
-0.0073724659434195,56.7666001
-0.00756816065966218,56.7999333
-0.00717677122717686,56.8332667000001
-0.00600260292972088,56.8666
-0.00424135048353694,56.8999334
-0.00189301388862498,56.9332667
0.000651017422529598,56.9666001
0.00280365930119889,56.9999333
0.00495630117986814,57.0332667
0.00671755362605211,57.0666
0.00789172192350807,57.0999334
0.00847880607223608,57.1332667
0.00808741663975077,57.1666001
0.00691324834229476,57.1999333
0.00534769061235349,57.2332667
0.00319504873368423,57.2666
0.000846712138772271,57.2999334
-0.00169731917238233,57.3332667000001
-0.00384996105105159,57.3666001
-0.00580690821347821,57.3999333
-0.00698107651093419,57.4332667
-0.00756816065966218,57.4666000000001
-0.0073724659434195,57.4999334
-0.00658968707844887,57.5332667
-0.00502412934850757,57.5666
-0.00267579275359564,57.5999334
-0.000523150874926354,57.6332667
0.00202088043622822,57.6666
0.00417352231489754,57.6999334
0.00613046947732415,57.7332667
0.00750033249102278,57.7666001
0.00828311135599341,57.7999333
0.00828311135599341,57.8332667000001
0.00750033249102278,57.8666
0.00613046947732415,57.8999334
0.00417352231489754,57.9332667
0.00182518571998558,57.9666001
-0.000523150874926354,57.9999333
-0.00306718218608096,58.0332667
-0.00521982406475024,58.0666
-0.00658968707844887,58.0999334
-0.0073724659434195,58.1332667
-0.00756816065966218,58.1666001
-0.00698107651093419,58.1999333
-0.00580690821347821,58.2332667
-0.00384996105105159,58.2666
-0.00169731917238233,58.2999334
0.000846712138772271,58.3332667000001
0.00319504873368423,58.3666001
0.00534769061235349,58.3999333
0.00710894305853743,58.4332667
0.00808741663975077,58.4666000000001
0.00847880607223608,58.4999334
0.00789172192350807,58.5332667
0.00671755362605211,58.5666
0.00495630117986814,58.5999334
0.00280365930119889,58.6332667
0.000455322706286954,58.6666
-0.00189301388862498,58.6999334
-0.00424135048353694,58.7332667
-0.00600260292972088,58.7666001
-0.00717677122717686,58.7999333
-0.00756816065966218,58.8332667000001
-0.0073724659434195,58.8666
-0.0063939923622062,58.8999334
-0.00443704519977958,58.9332667
-0.00267579275359564,58.9666001
6.39332738016085e-05,58.9999333
0.00241226986871357,59.0332667
0.00456491174738283,59.0666
0.00652185890980944,59.0999334
0.00769602720726542,59.1332667
0.00828311135599341,59.1666001
0.00808741663975077,59.1999333
0.00710894305853743,59.2332667
0.00554338532859613,59.2666
0.00358643816616952,59.2999334
0.00143379628750026,59.3332667000001
-0.00111023502365434,59.3666001
-0.00326287690232363,59.3999333
-0.00541551878099289,59.4332667
-0.00678538179469151,59.4666000000001
-0.0073724659434195,59.4999334
-0.0073724659434195,59.5332667
-0.00678538179469151,59.5666
-0.00541551878099289,59.5999334
-0.00326287690232363,59.6332667
-0.000914540307411699,59.6666
0.00143379628750026,59.6999334
0.00378213288241219,59.7332667
0.00573908004483881,59.7666001
0.0073046377747801,59.7999333
0.00808741663975077,59.8332667000001
0.00828311135599341,59.8666
0.00769602720726542,59.8999334
0.0063261641935668,59.9332667
0.00456491174738283,59.9666001
0.00221657515247092,59.9999333
